date,temperature_2m_mean,apparent_temperature_mean,weather_code
2018-12-31,4.8,1.3,3
2019-01-01,5.4,2.1,3
2019-01-02,4.4,0.1,3
2019-01-03,1.2,-3.6,1
2019-01-04,0.8,-3.8,3
2019-01-05,0.5,-3.3,3
2019-01-06,0.9,-3.0,3
2019-01-07,2.7,-0.3,3
2019-01-08,4.8,2.0,51
2019-01-09,2.7,-1.1,51
2019-01-10,0.8,-3.8,3
2019-01-11,0.5,-2.9,51
2019-01-12,3.8,1.0,51
2019-01-13,6.7,3.7,51
2019-01-14,6.8,3.8,51
2019-01-15,3.7,0.9,3
2019-01-16,2.9,-0.8,51
2019-01-17,5.2,1.9,55
2019-01-18,2.4,-0.5,3
2019-01-19,4.1,0.7,55
2019-01-20,4.0,1.3,61
2019-01-21,1.9,-1.6,3
2019-01-22,-0.9,-4.7,73
2019-01-23,1.9,-2.2,73
2019-01-24,0.4,-4.0,71
2019-01-25,2.2,-0.6,73
2019-01-26,6.7,4.1,51
2019-01-27,5.1,0.3,61
2019-01-28,2.4,-1.2,75
2019-01-29,2.5,-1.9,73
2019-01-30,2.2,-2.2,61
2019-01-31,4.9,1.3,71
2019-02-01,5.0,1.7,61
2019-02-02,2.1,-1.6,53
2019-02-03,1.1,-3.7,3
2019-02-04,-0.2,-3.9,73
2019-02-05,4.8,2.3,51
2019-02-06,7.7,6.1,51
2019-02-07,7.5,4.5,53
2019-02-08,6.2,2.6,51
2019-02-09,8.6,5.3,53
2019-02-10,7.9,3.0,61
2019-02-11,4.8,1.4,51
2019-02-12,3.0,-0.2,3
2019-02-13,4.3,0.7,0
2019-02-14,5.9,2.3,1
2019-02-15,5.8,2.1,0
2019-02-16,5.7,1.8,0
2019-02-17,9.3,5.1,1
2019-02-18,8.6,4.9,2
2019-02-19,7.5,5.1,3
2019-02-20,6.1,3.4,3
2019-02-21,7.4,4.8,0
2019-02-22,8.3,5.3,0
2019-02-23,10.3,7.5,0
2019-02-24,9.5,7.2,0
2019-02-25,8.7,6.8,0
2019-02-26,9.9,8.0,0
2019-02-27,10.6,8.3,0
2019-02-28,8.7,5.9,51
2019-03-01,8.5,5.7,3
2019-03-02,8.3,5.5,61
2019-03-03,9.5,6.5,3
2019-03-04,8.9,4.2,53
2019-03-05,8.0,4.6,51
2019-03-06,11.0,6.7,63
2019-03-07,7.8,4.1,63
2019-03-08,7.8,5.3,51
2019-03-09,9.5,6.7,53
2019-03-10,10.5,7.3,53
2019-03-11,6.2,2.2,3
2019-03-12,6.6,2.4,61
2019-03-13,6.1,2.1,51
2019-03-14,7.0,2.8,55
2019-03-15,9.5,6.5,53
2019-03-16,9.6,7.0,51
2019-03-17,7.2,3.4,61
2019-03-18,5.4,2.2,53
2019-03-19,6.2,3.0,51
2019-03-20,6.2,2.5,3
2019-03-21,7.2,4.1,1
2019-03-22,8.3,6.0,0
2019-03-23,10.3,8.1,3
2019-03-24,10.4,8.0,2
2019-03-25,7.5,3.7,3
2019-03-26,6.6,2.2,3
2019-03-27,7.5,3.4,1
2019-03-28,8.5,5.2,1
2019-03-29,9.9,7.3,3
2019-03-30,11.0,7.7,3
2019-03-31,10.3,7.6,3
2019-04-01,11.3,9.4,51
2019-04-02,10.7,8.1,61
2019-04-03,5.7,2.1,71
2019-04-04,4.6,1.3,51
2019-04-05,8.4,5.2,3
2019-04-06,7.8,4.8,55
2019-04-07,6.5,4.0,51
2019-04-08,8.4,6.2,51
2019-04-09,8.4,6.8,53
2019-04-10,8.2,6.1,51
2019-04-11,9.1,6.3,51
2019-04-12,7.7,4.6,0
2019-04-13,6.3,3.3,3
2019-04-14,6.1,1.9,3
2019-04-15,9.8,6.3,55
2019-04-16,11.1,8.3,61
2019-04-17,13.2,11.1,3
2019-04-18,14.6,12.4,3
2019-04-19,16.4,14.3,3
2019-04-20,13.6,12.0,53
2019-04-21,12.8,11.5,51
2019-04-22,14.6,12.9,53
2019-04-23,13.2,11.5,61
2019-04-24,11.7,8.9,61
2019-04-25,10.5,7.7,63
2019-04-26,9.0,5.7,61
2019-04-27,9.0,5.6,55
2019-04-28,8.7,5.5,51
2019-04-29,9.0,6.3,51
2019-04-30,11.0,8.3,3
2019-05-01,12.5,11.1,51
2019-05-02,11.5,9.1,63
2019-05-03,10.4,8.4,53
2019-05-04,7.3,4.3,53
2019-05-05,5.6,1.3,51
2019-05-06,7.1,4.4,3
2019-05-07,9.7,7.2,51
2019-05-08,11.4,8.6,63
2019-05-09,11.3,7.9,53
2019-05-10,12.7,11.2,53
2019-05-11,11.8,9.5,61
2019-05-12,10.5,7.4,2
2019-05-13,11.2,7.2,1
2019-05-14,12.8,8.9,0
2019-05-15,12.5,8.4,3
2019-05-16,12.1,9.2,3
2019-05-17,11.7,9.5,53
2019-05-18,10.5,8.8,61
2019-05-19,11.1,9.7,55
2019-05-20,12.3,11.0,51
2019-05-21,12.7,12.2,61
2019-05-22,14.2,13.1,51
2019-05-23,15.1,14.3,3
2019-05-24,15.5,14.8,53
2019-05-25,14.6,13.7,51
2019-05-26,14.8,13.8,51
2019-05-27,13.8,12.9,53
2019-05-28,12.1,10.3,55
2019-05-29,12.3,10.4,51
2019-05-30,14.2,13.6,3
2019-05-31,17.1,17.2,0
2019-06-01,20.2,21.1,0
2019-06-02,21.8,22.1,3
2019-06-03,18.4,18.6,53
2019-06-04,19.7,19.6,55
2019-06-05,11.9,10.6,63
2019-06-06,13.7,12.1,51
2019-06-07,14.2,10.2,63
2019-06-08,13.4,11.3,51
2019-06-09,15.4,14.2,61
2019-06-10,13.6,11.7,51
2019-06-11,11.4,9.8,61
2019-06-12,11.4,8.9,61
2019-06-13,14.5,13.8,51
2019-06-14,15.9,15.8,61
2019-06-15,14.5,13.5,53
2019-06-16,14.6,14.4,3
2019-06-17,19.0,19.5,3
2019-06-18,20.7,20.9,3
2019-06-19,18.9,19.2,53
2019-06-20,16.8,16.4,51
2019-06-21,15.6,15.3,61
2019-06-22,17.5,17.4,61
2019-06-23,21.3,22.0,3
2019-06-24,23.8,25.5,3
2019-06-25,23.6,24.5,3
2019-06-26,26.2,27.7,0
2019-06-27,28.2,30.0,0
2019-06-28,27.9,31.5,3
2019-06-29,27.4,31.2,3
2019-06-30,23.9,26.7,3
2019-07-01,22.3,24.4,51
2019-07-02,21.4,22.5,3
2019-07-03,22.5,22.6,51
2019-07-04,24.2,25.5,3
2019-07-05,25.0,26.8,3
2019-07-06,24.1,26.2,51
2019-07-07,22.1,24.1,53
2019-07-08,23.0,24.0,3
2019-07-09,21.3,19.3,3
2019-07-10,20.4,19.3,3
2019-07-11,19.7,20.0,3
2019-07-12,20.7,20.8,3
2019-07-13,21.2,21.4,2
2019-07-14,20.3,18.5,2
2019-07-15,19.0,17.6,0
2019-07-16,19.9,19.6,3
2019-07-17,20.6,20.2,3
2019-07-18,18.3,17.5,51
2019-07-19,19.7,20.2,51
2019-07-20,20.6,21.3,61
2019-07-21,21.1,22.4,3
2019-07-22,24.1,25.8,1
2019-07-23,27.8,29.9,3
2019-07-24,27.8,29.9,3
2019-07-25,29.0,29.9,2
2019-07-26,21.0,22.3,63
2019-07-27,17.3,18.2,61
2019-07-28,17.0,16.4,55
2019-07-29,18.2,18.1,0
2019-07-30,17.9,16.9,53
2019-07-31,16.7,16.2,51
2019-08-01,18.0,18.0,3
2019-08-02,19.8,20.3,51
2019-08-03,20.6,21.4,3
2019-08-04,21.0,21.6,3
2019-08-05,20.3,21.1,3
2019-08-06,20.2,20.9,3
2019-08-07,20.3,21.2,53
2019-08-08,21.9,23.2,3
2019-08-09,23.6,23.9,53
2019-08-10,19.4,19.1,51
2019-08-11,16.1,15.8,61
2019-08-12,15.8,14.8,51
2019-08-13,14.9,13.9,3
2019-08-14,16.9,16.4,3
2019-08-15,17.9,17.2,51
2019-08-16,17.6,17.9,3
2019-08-17,19.8,19.7,3
2019-08-18,19.7,20.5,51
2019-08-19,15.8,15.0,3
2019-08-20,16.7,15.6,3
2019-08-21,17.2,15.6,3
2019-08-22,19.1,17.7,0
2019-08-23,21.2,20.4,3
2019-08-24,23.1,22.7,3
2019-08-25,23.0,23.4,0
2019-08-26,24.4,24.4,3
2019-08-27,22.8,23.9,53
2019-08-28,21.5,23.0,3
2019-08-29,20.9,21.7,3
2019-08-30,22.3,22.9,2
2019-08-31,23.2,23.6,3
2019-09-01,16.6,16.6,51
2019-09-02,15.8,13.8,1
2019-09-03,16.7,14.6,3
2019-09-04,17.6,15.9,51
2019-09-05,15.1,13.1,53
2019-09-06,14.0,11.5,3
2019-09-07,14.5,12.9,51
2019-09-08,13.9,11.3,3
2019-09-09,11.2,9.2,51
2019-09-10,14.9,13.0,53
2019-09-11,15.8,13.7,3
2019-09-12,17.6,16.4,0
2019-09-13,21.3,20.7,1
2019-09-14,22.3,22.4,3
2019-09-15,23.0,23.5,2
2019-09-16,23.0,22.9,0
2019-09-17,22.7,20.8,0
2019-09-18,19.3,16.6,2
2019-09-19,17.5,13.0,0
2019-09-20,20.1,18.1,0
2019-09-21,21.7,20.2,51
2019-09-22,16.9,16.2,63
2019-09-23,15.1,14.5,53
2019-09-24,16.0,14.4,63
2019-09-25,14.8,13.5,61
2019-09-26,16.6,15.8,53
2019-09-27,14.9,13.9,53
2019-09-28,14.7,13.5,51
2019-09-29,16.2,14.6,61
2019-09-30,14.8,14.2,51
2019-10-01,15.3,14.6,61
2019-10-02,14.0,12.8,53
2019-10-03,12.4,11.3,3
2019-10-04,13.5,11.7,55
2019-10-05,14.2,13.0,51
2019-10-06,13.6,12.4,61
2019-10-07,11.2,10.0,3
2019-10-08,14.9,13.1,55
2019-10-09,13.0,11.2,55
2019-10-10,13.2,11.9,51
2019-10-11,14.9,13.5,1
2019-10-12,18.3,16.7,61
2019-10-13,19.5,17.7,53
2019-10-14,18.3,16.3,65
2019-10-15,12.3,10.6,63
2019-10-16,13.1,10.6,55
2019-10-17,13.7,11.8,61
2019-10-18,13.6,12.2,63
2019-10-19,13.6,12.5,53
2019-10-20,13.1,12.5,63
2019-10-21,10.5,9.0,51
2019-10-22,9.3,7.2,53
2019-10-23,14.1,12.6,55
2019-10-24,12.1,9.8,55
2019-10-25,12.4,11.5,53
2019-10-26,14.4,12.7,3
2019-10-27,14.6,13.8,51
2019-10-28,14.1,14.3,61
2019-10-29,14.0,14.3,3
2019-10-30,13.0,12.8,51
2019-10-31,13.3,12.0,61
2019-11-01,13.0,11.6,63
2019-11-02,13.4,11.2,61
2019-11-03,10.7,6.9,63
2019-11-04,11.1,7.9,63
2019-11-05,8.7,5.7,61
2019-11-06,8.0,5.8,53
2019-11-07,7.8,4.5,63
2019-11-08,6.3,3.0,61
2019-11-09,6.0,2.8,61
2019-11-10,5.6,2.7,51
2019-11-11,5.0,1.9,61
2019-11-12,5.5,2.8,51
2019-11-13,4.9,1.9,51
2019-11-14,5.6,2.0,61
2019-11-15,3.9,1.1,51
2019-11-16,3.6,0.2,61
2019-11-17,3.8,1.6,51
2019-11-18,3.8,0.8,3
2019-11-19,4.3,1.7,3
2019-11-20,3.9,0.8,3
2019-11-21,6.4,3.1,53
2019-11-22,8.2,4.2,61
2019-11-23,10.3,8.3,61
2019-11-24,6.9,4.6,53
2019-11-25,8.8,6.2,55
2019-11-26,10.9,8.5,51
2019-11-27,10.1,6.3,63
2019-11-28,9.4,6.3,53
2019-11-29,8.6,6.3,61
2019-11-30,6.4,3.7,63
2019-12-01,7.1,4.7,51
2019-12-02,3.7,-0.4,3
2019-12-03,2.0,-2.2,1
2019-12-04,3.9,1.1,3
2019-12-05,4.4,1.7,3
2019-12-06,4.1,1.2,3
2019-12-07,7.2,4.6,53
2019-12-08,9.4,6.8,61
2019-12-09,7.3,3.0,55
2019-12-10,3.3,0.4,3
2019-12-11,5.7,1.9,61
2019-12-12,5.2,1.5,63
2019-12-13,8.4,4.0,61
2019-12-14,10.7,7.9,61
2019-12-15,10.2,7.2,53
2019-12-16,11.8,8.0,3
2019-12-17,12.6,9.3,53
2019-12-18,10.3,8.4,53
2019-12-19,12.9,8.4,3
2019-12-20,9.8,6.0,63
2019-12-21,8.2,4.4,63
2019-12-22,8.1,3.2,61
2019-12-23,7.4,4.0,61
2019-12-24,10.5,8.3,61
2019-12-25,7.8,6.0,3
2019-12-26,6.7,4.1,51
2019-12-27,8.2,6.0,51
2019-12-28,6.7,3.9,3
2019-12-29,2.8,-0.1,3
2019-12-30,3.2,0.4,1
2019-12-31,1.9,-1.5,3
2020-01-01,4.4,1.6,51
2020-01-02,6.7,4.2,51
2020-01-03,6.3,3.5,53
2020-01-04,6.3,3.8,51
2020-01-05,4.0,0.7,3
2020-01-06,2.4,-1.2,3
2020-01-07,5.1,2.7,51
2020-01-08,8.2,6.6,51
2020-01-09,9.6,6.6,61
2020-01-10,6.9,3.6,53
2020-01-11,3.6,1.1,3
2020-01-12,1.3,-1.8,3
2020-01-13,5.3,2.0,51
2020-01-14,7.6,3.1,3
2020-01-15,9.3,5.3,3
2020-01-16,9.2,5.8,2
2020-01-17,7.4,4.0,55
2020-01-18,4.2,0.9,51
2020-01-19,3.2,-2.3,3
2020-01-20,2.4,-2.9,2
2020-01-21,3.6,-0.3,3
2020-01-22,7.0,3.1,3
2020-01-23,9.3,6.4,51
2020-01-24,8.1,5.8,51
2020-01-25,6.6,4.1,3
2020-01-26,6.3,3.9,53
2020-01-27,6.7,2.9,61
2020-01-28,6.6,2.1,55
2020-01-29,7.2,4.2,51
2020-01-30,9.4,6.6,61
2020-01-31,11.2,9.6,51
2020-02-01,11.1,8.7,61
2020-02-02,12.1,10.2,61
2020-02-03,12.9,10.8,3
2020-02-04,7.6,3.5,53
2020-02-05,4.1,0.7,3
2020-02-06,4.9,1.2,3
2020-02-07,7.0,3.9,3
2020-02-08,7.8,4.7,51
2020-02-09,9.6,5.7,53
2020-02-10,10.7,6.2,61
2020-02-11,8.0,4.2,53
2020-02-12,5.8,3.0,51
2020-02-13,7.5,2.9,55
2020-02-14,8.5,6.1,51
2020-02-15,7.7,4.8,3
2020-02-16,12.2,8.4,51
2020-02-17,8.9,6.0,61
2020-02-18,5.8,2.9,51
2020-02-19,6.8,4.0,51
2020-02-20,7.1,4.3,3
2020-02-21,6.3,3.6,51
2020-02-22,5.4,2.5,3
2020-02-23,6.8,4.2,3
2020-02-24,7.9,5.7,3
2020-02-25,7.6,4.0,53
2020-02-26,5.1,0.3,53
2020-02-27,7.1,3.2,61
2020-02-28,4.9,1.6,51
2020-02-29,8.5,4.3,53
2020-03-01,6.9,2.6,61
2020-03-02,6.4,2.2,61
2020-03-03,3.8,0.5,55
2020-03-04,4.8,1.6,53
2020-03-05,9.3,5.2,63
2020-03-06,4.7,1.0,61
2020-03-07,5.7,2.7,51
2020-03-08,7.1,4.0,53
2020-03-09,7.2,3.9,55
2020-03-10,9.1,6.4,55
2020-03-11,10.8,8.9,51
2020-03-12,10.4,8.4,51
2020-03-13,6.3,3.7,3
2020-03-14,6.5,4.1,3
2020-03-15,9.5,6.4,3
2020-03-16,10.6,7.9,61
2020-03-17,11.5,9.7,3
2020-03-18,11.3,10.3,3
2020-03-19,13.0,11.2,1
2020-03-20,13.6,10.9,3
2020-03-21,11.3,9.2,51
2020-03-22,11.6,10.3,53
2020-03-23,11.3,9.4,2
2020-03-24,9.5,6.5,0
2020-03-25,7.6,4.1,3
2020-03-26,5.5,1.2,51
2020-03-27,6.1,2.8,3
2020-03-28,9.3,6.8,3
2020-03-29,6.0,1.4,51
2020-03-30,3.9,-1.5,51
2020-03-31,6.3,0.9,2
2020-04-01,8.5,5.3,1
2020-04-02,7.6,4.8,1
2020-04-03,7.1,4.0,3
2020-04-04,9.9,7.3,0
2020-04-05,12.9,9.1,0
2020-04-06,12.5,9.0,51
2020-04-07,14.3,11.7,3
2020-04-08,14.0,11.8,51
2020-04-09,14.4,12.8,1
2020-04-10,15.1,13.2,0
2020-04-11,15.0,12.7,1
2020-04-12,14.0,11.5,3
2020-04-13,15.2,12.5,3
2020-04-14,12.7,9.0,3
2020-04-15,14.2,10.7,3
2020-04-16,16.4,14.0,51
2020-04-17,15.9,14.0,61
2020-04-18,15.1,14.8,63
2020-04-19,14.5,14.5,63
2020-04-20,13.6,13.3,63
2020-04-21,14.9,15.3,63
2020-04-22,14.8,14.6,51
2020-04-23,14.2,14.0,51
2020-04-24,15.4,15.8,53
2020-04-25,15.2,15.4,53
2020-04-26,15.0,14.8,51
2020-04-27,13.4,12.6,63
2020-04-28,11.6,9.4,63
2020-04-29,11.5,8.9,61
2020-04-30,11.0,7.7,63
2020-05-01,11.6,9.4,65
2020-05-02,13.1,11.5,61
2020-05-03,14.9,14.3,53
2020-05-04,17.0,16.9,51
2020-05-05,17.5,16.8,51
2020-05-06,15.5,14.8,3
2020-05-07,16.2,15.7,3
2020-05-08,17.5,17.3,61
2020-05-09,17.7,17.4,61
2020-05-10,16.1,15.5,61
2020-05-11,11.5,9.2,53
2020-05-12,9.5,6.0,3
2020-05-13,11.9,10.9,55
2020-05-14,12.7,9.7,3
2020-05-15,12.2,9.2,3
2020-05-16,13.9,11.8,3
2020-05-17,13.1,11.4,0
2020-05-18,14.8,13.5,3
2020-05-19,16.5,14.9,3
2020-05-20,17.7,16.9,1
2020-05-21,19.9,20.5,3
2020-05-22,19.4,20.1,3
2020-05-23,14.2,13.0,63
2020-05-24,13.9,12.3,3
2020-05-25,16.3,14.1,0
2020-05-26,17.9,15.8,0
2020-05-27,18.8,16.7,1
2020-05-28,19.2,17.7,3
2020-05-29,18.8,16.6,0
2020-05-30,18.0,16.1,0
2020-05-31,19.1,17.4,0
2020-06-01,18.6,18.0,51
2020-06-02,18.5,18.8,51
2020-06-03,17.8,18.2,61
2020-06-04,14.3,13.4,63
2020-06-05,13.4,11.3,53
2020-06-06,13.9,12.3,53
2020-06-07,11.6,10.0,3
2020-06-08,13.0,12.1,51
2020-06-09,13.1,11.6,51
2020-06-10,12.6,11.5,51
2020-06-11,13.1,12.2,61
2020-06-12,14.1,12.7,63
2020-06-13,14.1,12.1,53
2020-06-14,14.3,13.4,61
2020-06-15,14.7,13.9,55
2020-06-16,14.7,13.8,63
2020-06-17,13.8,12.6,53
2020-06-18,13.8,13.1,61
2020-06-19,14.5,13.5,51
2020-06-20,16.1,15.7,3
2020-06-21,15.4,15.1,51
2020-06-22,18.1,18.4,51
2020-06-23,20.4,20.2,3
2020-06-24,23.4,24.7,1
2020-06-25,23.8,25.6,53
2020-06-26,21.3,23.5,63
2020-06-27,19.8,20.5,63
2020-06-28,17.1,17.7,53
2020-06-29,16.8,16.2,51
2020-06-30,16.8,16.8,3
2020-07-01,18.9,19.7,55
2020-07-02,16.6,15.9,51
2020-07-03,15.7,14.7,3
2020-07-04,16.5,16.1,3
2020-07-05,18.2,18.8,51
2020-07-06,17.5,16.8,51
2020-07-07,16.8,15.7,3
2020-07-08,19.5,19.2,3
2020-07-09,21.6,22.2,3
2020-07-10,17.9,17.8,51
2020-07-11,18.4,17.3,2
2020-07-12,19.4,17.3,2
2020-07-13,20.3,19.0,1
2020-07-14,19.3,18.7,3
2020-07-15,16.6,15.8,53
2020-07-16,16.9,16.8,3
2020-07-17,18.6,18.2,51
2020-07-18,19.2,19.2,0
2020-07-19,21.1,21.2,2
2020-07-20,22.3,22.8,1
2020-07-21,23.5,24.7,2
2020-07-22,23.7,24.8,51
2020-07-23,22.4,22.1,3
2020-07-24,21.5,21.0,3
2020-07-25,19.5,19.2,3
2020-07-26,20.7,20.8,51
2020-07-27,23.1,23.9,0
2020-07-28,20.1,20.5,51
2020-07-29,20.7,21.1,0
2020-07-30,25.4,26.6,0
2020-07-31,28.3,29.6,3
2020-08-01,22.2,23.5,61
2020-08-02,19.3,18.9,51
2020-08-03,17.2,16.3,55
2020-08-04,17.0,16.1,3
2020-08-05,19.2,18.7,0
2020-08-06,22.8,22.9,0
2020-08-07,26.3,26.7,1
2020-08-08,26.3,28.1,3
2020-08-09,25.9,28.6,51
2020-08-10,25.1,27.7,51
2020-08-11,25.6,27.6,51
2020-08-12,24.6,25.8,53
2020-08-13,19.2,19.7,63
2020-08-14,19.4,20.2,51
2020-08-15,20.6,21.2,3
2020-08-16,19.5,19.9,53
2020-08-17,18.0,18.4,53
2020-08-18,19.3,20.2,53
2020-08-19,21.9,22.2,51
2020-08-20,25.6,25.5,3
2020-08-21,22.9,24.1,63
2020-08-22,18.8,18.7,51
2020-08-23,17.8,17.6,3
2020-08-24,17.6,17.6,3
2020-08-25,19.7,18.9,3
2020-08-26,19.5,19.7,3
2020-08-27,19.0,19.0,3
2020-08-28,18.1,17.5,61
2020-08-29,15.2,14.6,63
2020-08-30,13.9,12.5,53
2020-08-31,15.3,14.1,51
2020-09-01,15.1,13.3,3
2020-09-02,14.4,12.9,3
2020-09-03,16.1,15.6,3
2020-09-04,19.7,19.3,0
2020-09-05,18.8,18.0,3
2020-09-06,15.5,13.7,3
2020-09-07,15.0,12.8,3
2020-09-08,16.6,14.6,1
2020-09-09,19.0,18.0,0
2020-09-10,20.0,19.4,51
2020-09-11,20.3,20.7,1
2020-09-12,19.4,18.9,0
2020-09-13,20.6,20.3,0
2020-09-14,23.4,22.3,1
2020-09-15,23.2,22.8,3
2020-09-16,22.1,23.4,3
2020-09-17,22.9,22.2,1
2020-09-18,23.3,23.2,53
2020-09-19,20.6,21.3,63
2020-09-20,17.5,18.1,51
2020-09-21,17.3,18.4,63
2020-09-22,16.6,17.5,55
2020-09-23,16.1,15.5,53
2020-09-24,14.6,13.1,61
2020-09-25,10.6,6.9,61
2020-09-26,8.6,5.6,61
2020-09-27,7.5,4.4,55
2020-09-28,10.8,8.3,53
2020-09-29,11.5,10.5,3
2020-09-30,13.2,12.5,51
2020-10-01,13.7,11.6,63
2020-10-02,11.3,8.6,63
2020-10-03,10.0,6.0,63
2020-10-04,10.0,7.0,63
2020-10-05,10.6,7.7,55
2020-10-06,12.8,10.6,61
2020-10-07,12.6,10.7,51
2020-10-08,14.1,13.3,51
2020-10-09,13.8,13.4,51
2020-10-10,11.2,9.4,53
2020-10-11,8.3,6.1,53
2020-10-12,8.1,6.0,51
2020-10-13,8.6,6.3,55
2020-10-14,8.1,6.0,55
2020-10-15,7.4,4.3,51
2020-10-16,8.1,5.8,51
2020-10-17,9.0,7.1,3
2020-10-18,9.1,6.9,3
2020-10-19,10.3,7.3,3
2020-10-20,15.0,11.6,53
2020-10-21,17.2,14.3,61
2020-10-22,16.2,15.3,61
2020-10-23,13.7,12.7,61
2020-10-24,12.3,10.5,53
2020-10-25,11.6,8.6,61
2020-10-26,9.2,6.9,53
2020-10-27,9.4,7.0,53
2020-10-28,11.5,9.5,53
2020-10-29,12.5,11.1,53
2020-10-30,11.5,11.0,3
2020-10-31,12.5,10.9,3
2020-11-01,14.6,13.0,51
2020-11-02,15.7,14.7,61
2020-11-03,9.9,8.3,55
2020-11-04,6.3,3.0,3
2020-11-05,7.6,4.4,2
2020-11-06,12.6,10.2,3
2020-11-07,15.2,12.2,55
2020-11-08,13.4,12.5,51
2020-11-09,12.7,11.8,53
2020-11-10,11.0,10.4,51
2020-11-11,10.6,9.3,3
2020-11-12,11.2,9.5,51
2020-11-13,11.5,9.4,3
2020-11-14,12.1,10.1,3
2020-11-15,13.2,10.8,63
2020-11-16,9.2,7.5,51
2020-11-17,8.3,6.8,3
2020-11-18,11.5,9.2,3
2020-11-19,10.0,7.6,53
2020-11-20,5.2,2.1,3
2020-11-21,4.4,1.5,1
2020-11-22,4.2,1.4,2
2020-11-23,3.8,1.0,1
2020-11-24,5.8,2.9,3
2020-11-25,10.1,7.4,3
2020-11-26,10.3,8.2,51
2020-11-27,9.6,7.8,2
2020-11-28,9.7,7.4,3
2020-11-29,5.4,2.3,1
2020-11-30,1.9,-2.0,3
2020-12-01,4.1,0.8,51
2020-12-02,4.5,1.1,51
2020-12-03,5.2,1.5,63
2020-12-04,4.6,0.6,63
2020-12-05,3.5,-0.7,51
2020-12-06,4.2,0.7,51
2020-12-07,3.7,-0.1,61
2020-12-08,3.7,0.2,55
2020-12-09,2.7,-0.1,51
2020-12-10,6.3,3.3,73
2020-12-11,8.2,4.7,63
2020-12-12,6.8,3.2,61
2020-12-13,5.4,2.5,51
2020-12-14,9.5,6.7,51
2020-12-15,8.7,6.8,61
2020-12-16,8.6,5.5,3
2020-12-17,8.3,6.2,61
2020-12-18,6.4,3.7,3
2020-12-19,9.7,7.0,53
2020-12-20,7.8,5.8,53
2020-12-21,8.3,5.1,55
2020-12-22,12.3,10.9,51
2020-12-23,10.6,8.0,61
2020-12-24,6.7,2.7,61
2020-12-25,2.1,-2.3,71
2020-12-26,1.5,-2.0,3
2020-12-27,2.8,-2.8,73
2020-12-28,4.1,-0.7,71
2020-12-29,4.0,0.4,53
2020-12-30,3.3,-0.2,51
2020-12-31,5.0,1.8,55
2021-01-01,0.6,-2.7,3
2021-01-02,-0.6,-5.1,3
2021-01-03,0.1,-2.8,71
2021-01-04,-1.5,-5.3,3
2021-01-05,-0.2,-3.8,71
2021-01-06,0.5,-2.4,3
2021-01-07,1.2,-2.1,51
2021-01-08,-0.4,-4.1,3
2021-01-09,-0.1,-5.4,3
2021-01-10,-0.7,-5.8,3
2021-01-11,-1.6,-5.6,3
2021-01-12,2.1,-1.4,53
2021-01-13,7.2,4.2,55
2021-01-14,6.7,3.7,61
2021-01-15,4.2,0.0,51
2021-01-16,-0.3,-3.9,51
2021-01-17,4.8,1.6,61
2021-01-18,1.6,-1.1,3
2021-01-19,2.4,-1.7,3
2021-01-20,8.0,3.2,3
2021-01-21,8.5,4.2,63
2021-01-22,6.1,2.5,63
2021-01-23,5.2,1.3,61
2021-01-24,2.4,-1.0,61
2021-01-25,2.0,-1.5,51
2021-01-26,0.1,-3.7,3
2021-01-27,5.7,3.0,61
2021-01-28,10.5,8.1,53
2021-01-29,10.0,6.9,61
2021-01-30,8.8,5.7,63
2021-01-31,8.8,6.2,63
2021-02-01,9.4,6.1,61
2021-02-02,10.6,8.3,55
2021-02-03,10.4,7.5,63
2021-02-04,8.6,6.6,53
2021-02-05,9.2,7.9,53
2021-02-06,8.4,6.8,61
2021-02-07,4.7,1.4,53
2021-02-08,4.0,1.5,53
2021-02-09,4.0,0.9,63
2021-02-10,5.1,2.4,51
2021-02-11,3.6,0.4,3
2021-02-12,3.8,0.6,63
2021-02-13,0.2,-3.2,3
2021-02-14,2.4,-1.7,3
2021-02-15,6.4,2.0,3
2021-02-16,9.1,5.4,3
2021-02-17,9.4,6.8,3
2021-02-18,10.9,7.3,55
2021-02-19,11.0,7.9,3
2021-02-20,12.0,7.4,3
2021-02-21,12.4,7.3,3
2021-02-22,13.1,9.0,51
2021-02-23,13.2,10.7,3
2021-02-24,12.6,10.1,0
2021-02-25,11.2,8.0,3
2021-02-26,8.1,5.8,3
2021-02-27,6.5,2.1,2
2021-02-28,7.7,4.8,1
2021-03-01,9.2,6.5,2
2021-03-02,10.2,7.0,3
2021-03-03,9.0,6.3,3
2021-03-04,8.3,6.3,51
2021-03-05,6.5,2.9,3
2021-03-06,6.9,4.0,3
2021-03-07,6.9,4.9,51
2021-03-08,6.2,3.0,3
2021-03-09,3.1,-0.2,0
2021-03-10,3.7,0.2,51
2021-03-11,8.8,5.1,63
2021-03-12,6.7,3.4,51
2021-03-13,7.0,2.8,61
2021-03-14,5.5,1.5,53
2021-03-15,6.7,3.2,51
2021-03-16,7.5,4.7,53
2021-03-17,7.1,2.8,51
2021-03-18,4.4,0.4,3
2021-03-19,4.3,-0.0,55
2021-03-20,3.3,-1.5,3
2021-03-21,4.2,0.3,3
2021-03-22,5.4,2.0,3
2021-03-23,6.6,3.6,2
2021-03-24,7.5,5.0,3
2021-03-25,7.5,5.3,51
2021-03-26,8.4,5.6,51
2021-03-27,6.8,4.1,51
2021-03-28,7.8,5.5,1
2021-03-29,11.2,8.9,0
2021-03-30,14.5,12.6,0
2021-03-31,15.0,12.7,0
2021-04-01,15.0,13.0,2
2021-04-02,14.0,11.3,2
2021-04-03,8.1,3.2,2
2021-04-04,8.7,4.6,1
2021-04-05,8.1,5.2,3
2021-04-06,4.5,0.1,51
2021-04-07,3.3,0.1,2
2021-04-08,5.7,2.6,3
2021-04-09,10.9,7.0,3
2021-04-10,11.1,8.1,63
2021-04-11,8.3,5.7,63
2021-04-12,5.5,2.0,55
2021-04-13,5.2,1.4,3
2021-04-14,6.1,1.4,2
2021-04-15,5.6,0.9,2
2021-04-16,5.1,0.6,3
2021-04-17,5.8,1.6,3
2021-04-18,8.4,5.3,3
2021-04-19,9.2,6.6,3
2021-04-20,9.7,7.1,3
2021-04-21,9.9,7.8,53
2021-04-22,12.1,9.9,51
2021-04-23,14.5,12.0,0
2021-04-24,15.9,13.6,3
2021-04-25,15.0,13.2,51
2021-04-26,14.9,13.3,51
2021-04-27,14.5,13.1,3
2021-04-28,11.6,10.0,55
2021-04-29,9.5,7.6,51
2021-04-30,9.5,8.0,53
2021-05-01,9.2,6.9,53
2021-05-02,8.0,6.1,51
2021-05-03,9.4,6.9,3
2021-05-04,10.1,6.8,55
2021-05-05,10.2,7.4,53
2021-05-06,9.9,6.9,63
2021-05-07,11.4,9.3,55
2021-05-08,16.3,15.3,3
2021-05-09,17.8,14.7,61
2021-05-10,13.1,11.3,63
2021-05-11,10.1,7.6,61
2021-05-12,9.7,7.0,61
2021-05-13,10.5,8.0,55
2021-05-14,10.1,7.1,51
2021-05-15,10.3,7.9,61
2021-05-16,11.8,9.3,61
2021-05-17,11.0,7.9,53
2021-05-18,9.5,7.6,53
2021-05-19,10.2,7.8,53
2021-05-20,11.4,9.5,3
2021-05-21,11.4,9.3,61
2021-05-22,9.6,7.1,51
2021-05-23,10.7,8.1,51
2021-05-24,10.6,7.4,53
2021-05-25,10.7,7.9,53
2021-05-26,11.0,8.8,3
2021-05-27,13.0,12.2,3
2021-05-28,17.3,16.9,3
2021-05-29,17.7,17.1,3
2021-05-30,17.5,16.3,3
2021-05-31,17.9,17.6,1
2021-06-01,19.5,19.4,51
2021-06-02,17.5,17.2,53
2021-06-03,18.9,19.7,55
2021-06-04,16.4,16.9,63
2021-06-05,15.8,14.9,51
2021-06-06,16.2,14.9,3
2021-06-07,16.9,16.7,51
2021-06-08,17.6,17.3,3
2021-06-09,18.2,18.2,3
2021-06-10,20.4,20.7,3
2021-06-11,21.3,21.7,3
2021-06-12,22.2,23.0,2
2021-06-13,22.7,23.8,3
2021-06-14,23.1,24.1,1
2021-06-15,22.9,24.0,0
2021-06-16,24.1,25.2,51
2021-06-17,20.9,22.4,63
2021-06-18,20.4,20.8,61
2021-06-19,20.7,21.7,55
2021-06-20,18.3,18.6,65
2021-06-21,17.4,17.4,61
2021-06-22,15.8,15.9,63
2021-06-23,16.6,16.9,51
2021-06-24,15.6,15.0,51
2021-06-25,15.8,15.2,3
2021-06-26,17.9,18.1,53
2021-06-27,17.3,18.0,63
2021-06-28,15.4,14.5,63
2021-06-29,14.3,13.2,63
2021-06-30,16.1,15.9,53
2021-07-01,18.0,18.8,51
2021-07-02,20.0,21.2,51
2021-07-03,19.2,20.2,61
2021-07-04,16.7,17.1,61
2021-07-05,19.4,19.1,51
2021-07-06,17.0,16.2,63
2021-07-07,15.4,15.1,55
2021-07-08,15.4,15.2,51
2021-07-09,15.7,15.6,3
2021-07-10,15.9,15.3,55
2021-07-11,18.1,19.1,3
2021-07-12,16.0,15.8,63
2021-07-13,13.7,12.9,61
2021-07-14,16.3,15.9,55
2021-07-15,17.5,17.3,51
2021-07-16,17.2,17.0,3
2021-07-17,18.3,18.0,3
2021-07-18,20.8,20.7,3
2021-07-19,22.5,22.8,0
2021-07-20,23.1,23.5,2
2021-07-21,23.2,23.3,3
2021-07-22,23.1,23.4,2
2021-07-23,23.8,25.1,53
2021-07-24,19.4,19.5,51
2021-07-25,17.9,17.7,53
2021-07-26,17.7,17.9,51
2021-07-27,17.3,17.6,53
2021-07-28,18.0,17.9,51
2021-07-29,18.0,18.5,2
2021-07-30,18.0,17.8,51
2021-07-31,14.2,13.9,51
2021-08-01,15.3,14.5,53
2021-08-02,15.7,15.5,51
2021-08-03,15.5,15.2,53
2021-08-04,16.6,16.4,61
2021-08-05,17.2,16.6,53
2021-08-06,17.0,16.3,53
2021-08-07,16.3,15.5,61
2021-08-08,15.3,14.4,51
2021-08-09,15.8,15.8,3
2021-08-10,18.8,19.7,3
2021-08-11,20.6,21.9,0
2021-08-12,22.6,24.6,3
2021-08-13,22.7,25.5,51
2021-08-14,24.3,27.2,1
2021-08-15,21.7,23.0,51
2021-08-16,17.6,16.7,51
2021-08-17,16.1,15.2,3
2021-08-18,16.5,16.4,3
2021-08-19,16.9,17.2,51
2021-08-20,19.3,20.4,3
2021-08-21,19.8,20.6,51
2021-08-22,18.5,18.9,3
2021-08-23,17.9,17.3,3
2021-08-24,17.8,16.7,3
2021-08-25,17.8,16.8,0
2021-08-26,18.5,18.0,3
2021-08-27,16.6,15.0,3
2021-08-28,15.5,13.3,3
2021-08-29,15.5,13.8,3
2021-08-30,15.5,13.5,3
2021-08-31,16.8,15.2,3
2021-09-01,17.8,16.2,3
2021-09-02,19.8,19.2,51
2021-09-03,19.3,19.8,51
2021-09-04,18.7,20.2,61
2021-09-05,19.7,20.8,3
2021-09-06,21.4,21.9,0
2021-09-07,23.2,23.8,3
2021-09-08,21.0,22.3,53
2021-09-09,19.1,20.3,63
2021-09-10,18.2,19.0,53
2021-09-11,16.7,17.2,3
2021-09-12,17.3,17.4,3
2021-09-13,19.3,20.0,51
2021-09-14,21.3,22.5,53
2021-09-15,19.8,21.1,65
2021-09-16,17.7,19.1,61
2021-09-17,17.1,17.5,51
2021-09-18,15.2,15.4,63
2021-09-19,13.2,12.4,61
2021-09-20,13.7,13.0,53
2021-09-21,14.4,13.4,3
2021-09-22,15.2,14.5,0
2021-09-23,14.8,14.5,2
2021-09-24,16.2,16.4,2
2021-09-25,17.3,17.5,51
2021-09-26,16.6,16.6,63
2021-09-27,15.6,14.7,53
2021-09-28,12.2,11.3,3
2021-09-29,13.4,12.2,51
2021-09-30,11.2,9.7,2
2021-10-01,11.6,10.0,51
2021-10-02,15.7,14.2,55
2021-10-03,15.2,13.4,63
2021-10-04,12.3,11.0,51
2021-10-05,12.2,10.0,61
2021-10-06,10.8,8.7,51
2021-10-07,9.8,7.7,3
2021-10-08,11.1,8.7,3
2021-10-09,11.5,9.9,3
2021-10-10,11.4,9.4,3
2021-10-11,10.0,7.4,3
2021-10-12,10.0,7.6,3
2021-10-13,10.3,7.8,3
2021-10-14,9.3,6.9,3
2021-10-15,10.1,8.4,3
2021-10-16,9.7,8.3,0
2021-10-17,11.6,9.8,3
2021-10-18,13.4,12.2,3
2021-10-19,15.7,13.9,3
2021-10-20,16.3,15.0,63
2021-10-21,12.8,10.4,61
2021-10-22,10.5,8.7,51
2021-10-23,7.4,4.6,0
2021-10-24,8.8,6.5,2
2021-10-25,9.5,8.1,53
2021-10-26,11.1,10.3,51
2021-10-27,9.2,7.5,3
2021-10-28,12.4,9.7,0
2021-10-29,13.7,11.0,63
2021-10-30,14.3,13.0,61
2021-10-31,14.4,12.8,63
2021-11-01,10.9,8.5,63
2021-11-02,9.2,6.1,63
2021-11-03,6.9,4.2,53
2021-11-04,5.9,3.7,53
2021-11-05,5.6,2.7,51
2021-11-06,4.9,1.8,3
2021-11-07,5.3,3.3,51
2021-11-08,7.4,4.8,3
2021-11-09,5.1,2.0,3
2021-11-10,6.6,4.3,3
2021-11-11,10.1,8.5,51
2021-11-12,8.5,6.5,3
2021-11-13,9.0,7.5,53
2021-11-14,8.9,6.9,51
2021-11-15,7.8,5.1,51
2021-11-16,7.1,4.7,51
2021-11-17,7.0,4.9,51
2021-11-18,7.8,5.5,51
2021-11-19,5.5,3.1,2
2021-11-20,5.6,3.3,3
2021-11-21,3.9,1.4,51
2021-11-22,5.4,1.4,3
2021-11-23,6.1,1.8,3
2021-11-24,6.3,3.6,51
2021-11-25,5.4,2.3,53
2021-11-26,3.8,-0.0,53
2021-11-27,3.4,-0.6,53
2021-11-28,1.7,-2.8,73
2021-11-29,-0.2,-3.4,71
2021-11-30,0.3,-3.4,3
2021-12-01,6.2,2.7,55
2021-12-02,3.5,0.1,53
2021-12-03,1.7,-2.0,71
2021-12-04,8.2,4.7,63
2021-12-05,3.6,-0.3,73
2021-12-06,4.7,1.2,53
2021-12-07,5.7,2.1,63
2021-12-08,4.4,1.1,73
2021-12-09,2.4,-0.9,61
2021-12-10,4.8,0.4,71
2021-12-11,3.6,0.9,3
2021-12-12,6.0,4.0,51
2021-12-13,4.0,1.4,3
2021-12-14,4.3,1.8,0
2021-12-15,5.2,2.0,3
2021-12-16,3.8,0.0,3
2021-12-17,4.5,1.2,2
2021-12-18,3.3,-0.0,0
2021-12-19,1.4,-1.8,0
2021-12-20,0.2,-3.4,0
2021-12-21,-0.4,-4.0,2
2021-12-22,1.0,-3.1,3
2021-12-23,6.4,3.0,3
2021-12-24,7.7,5.1,55
2021-12-25,6.9,4.7,61
2021-12-26,8.1,5.8,61
2021-12-27,9.4,6.2,63
2021-12-28,11.4,8.3,63
2021-12-29,12.5,10.5,55
2021-12-30,10.6,9.4,3
2021-12-31,8.9,6.8,3
2022-01-01,7.7,4.9,3
2022-01-02,10.2,7.6,51
2022-01-03,10.3,8.0,53
2022-01-04,9.7,6.6,55
2022-01-05,2.0,-1.7,51
2022-01-06,0.7,-2.5,3
2022-01-07,2.6,-1.0,71
2022-01-08,7.1,3.3,61
2022-01-09,5.5,1.9,55
2022-01-10,5.5,3.2,61
2022-01-11,1.8,-1.8,3
2022-01-12,0.4,-3.7,1
2022-01-13,1.8,-2.1,0
2022-01-14,0.1,-3.7,0
2022-01-15,-0.4,-4.2,0
2022-01-16,-2.4,-6.0,3
2022-01-17,1.7,-1.4,51
2022-01-18,2.6,-0.9,3
2022-01-19,0.8,-2.5,71
2022-01-20,2.2,-0.8,51
2022-01-21,1.4,-3.5,3
2022-01-22,1.2,-3.3,3
2022-01-23,3.2,-0.6,3
2022-01-24,1.9,-1.6,0
2022-01-25,0.8,-2.4,0
2022-01-26,-0.3,-3.8,1
2022-01-27,-0.8,-4.4,0
2022-01-28,2.1,-1.2,3
2022-01-29,0.7,-2.4,3
2022-01-30,4.3,2.1,51
2022-01-31,5.3,1.9,51
2022-02-01,3.2,0.0,51
2022-02-02,6.9,4.7,51
2022-02-03,3.6,0.8,3
2022-02-04,6.3,3.7,51
2022-02-05,4.8,1.9,51
2022-02-06,4.2,0.6,51
2022-02-07,7.3,4.2,53
2022-02-08,3.5,0.5,3
2022-02-09,6.2,2.7,3
2022-02-10,7.7,5.0,3
2022-02-11,5.7,2.0,53
2022-02-12,1.5,-2.2,3
2022-02-13,7.7,3.6,3
2022-02-14,7.5,3.9,53
2022-02-15,5.1,2.0,71
2022-02-16,9.8,6.8,55
2022-02-17,11.0,8.8,53
2022-02-18,9.6,6.9,51
2022-02-19,4.7,1.6,51
2022-02-20,7.3,3.9,51
2022-02-21,7.6,3.3,53
2022-02-22,6.8,4.2,51
2022-02-23,8.1,6.3,51
2022-02-24,7.7,4.6,53
2022-02-25,4.7,1.6,51
2022-02-26,4.5,0.4,3
2022-02-27,6.4,3.2,0
2022-02-28,5.7,3.0,0
2022-03-01,6.0,3.1,3
2022-03-02,7.9,5.4,53
2022-03-03,9.3,7.6,51
2022-03-04,8.0,5.8,51
2022-03-05,5.9,3.1,51
2022-03-06,4.1,0.5,3
2022-03-07,2.7,-1.0,0
2022-03-08,6.5,3.0,53
2022-03-09,8.3,5.1,53
2022-03-10,9.0,6.1,51
2022-03-11,9.4,5.3,61
2022-03-12,7.7,4.5,61
2022-03-13,6.8,2.7,63
2022-03-14,7.4,4.2,51
2022-03-15,12.8,9.5,53
2022-03-16,12.5,10.7,3
2022-03-17,9.3,6.4,61
2022-03-18,8.5,4.3,51
2022-03-19,10.9,8.8,3
2022-03-20,10.5,7.1,3
2022-03-21,11.2,7.4,3
2022-03-22,9.8,5.3,1
2022-03-23,9.1,5.5,0
2022-03-24,9.1,6.3,0
2022-03-25,10.2,7.2,3
2022-03-26,11.6,8.7,3
2022-03-27,11.2,8.8,3
2022-03-28,12.4,9.6,3
2022-03-29,11.4,8.9,53
2022-03-30,9.1,7.2,61
2022-03-31,7.0,4.0,71
2022-04-01,1.6,-3.8,73
2022-04-02,1.9,-3.6,73
2022-04-03,1.1,-3.3,71
2022-04-04,2.7,-0.5,3
2022-04-05,5.7,3.2,3
2022-04-06,8.6,6.3,51
2022-04-07,9.8,6.1,63
2022-04-08,10.8,7.0,61
2022-04-09,5.5,2.0,51
2022-04-10,6.7,4.0,3
2022-04-11,12.7,8.9,3
2022-04-12,13.6,10.0,3
2022-04-13,11.8,10.9,63
2022-04-14,13.5,12.4,3
2022-04-15,14.8,13.6,0
2022-04-16,14.0,12.3,3
2022-04-17,12.9,11.4,3
2022-04-18,12.3,11.0,3
2022-04-19,11.4,9.5,51
2022-04-20,11.5,9.8,61
2022-04-21,12.7,11.6,55
2022-04-22,11.8,10.9,63
2022-04-23,11.8,10.1,63
2022-04-24,11.1,9.1,63
2022-04-25,11.1,9.1,55
2022-04-26,11.7,9.8,3
2022-04-27,14.0,11.8,3
2022-04-28,15.5,14.9,63
2022-04-29,14.2,13.8,55
2022-04-30,13.0,11.4,51
2022-05-01,11.7,9.7,3
2022-05-02,12.9,10.9,3
2022-05-03,13.8,12.4,51
2022-05-04,12.4,10.9,51
2022-05-05,12.2,10.2,51
2022-05-06,12.6,10.3,51
2022-05-07,14.1,12.7,51
2022-05-08,14.9,13.4,51
2022-05-09,16.8,16.0,3
2022-05-10,17.6,16.8,3
2022-05-11,19.3,18.5,3
2022-05-12,15.5,15.8,61
2022-05-13,17.8,18.3,51
2022-05-14,19.3,19.9,3
2022-05-15,20.9,20.6,53
2022-05-16,19.5,20.4,63
2022-05-17,20.6,21.0,51
2022-05-18,21.6,22.0,51
2022-05-19,22.2,22.5,51
2022-05-20,21.8,21.0,3
2022-05-21,21.8,23.6,3
2022-05-22,22.8,24.0,65
2022-05-23,16.6,15.3,55
2022-05-24,12.6,10.9,61
2022-05-25,13.0,11.2,3
2022-05-26,13.7,12.6,51
2022-05-27,16.4,15.6,51
2022-05-28,16.8,15.0,3
2022-05-29,14.1,11.3,1
2022-05-30,14.6,12.5,3
2022-05-31,16.4,14.7,51
2022-06-01,17.1,17.1,63
2022-06-02,20.3,21.0,63
2022-06-03,20.3,20.8,61
2022-06-04,20.2,21.1,63
2022-06-05,17.2,17.2,61
2022-06-06,15.3,15.4,61
2022-06-07,16.4,15.2,51
2022-06-08,15.5,14.4,63
2022-06-09,15.0,13.7,51
2022-06-10,17.3,17.9,2
2022-06-11,19.9,20.6,3
2022-06-12,20.8,22.1,53
2022-06-13,20.3,19.8,3
2022-06-14,22.2,22.8,3
2022-06-15,24.3,25.3,51
2022-06-16,24.3,25.3,3
2022-06-17,26.0,26.6,3
2022-06-18,27.9,28.0,3
2022-06-19,24.9,25.2,63
2022-06-20,22.2,23.5,63
2022-06-21,22.1,23.4,63
2022-06-22,20.1,21.1,61
2022-06-23,18.5,19.7,63
2022-06-24,17.3,16.6,51
2022-06-25,16.5,16.4,55
2022-06-26,15.3,15.3,63
2022-06-27,16.3,15.7,53
2022-06-28,16.4,16.0,3
2022-06-29,17.7,17.8,53
2022-06-30,13.9,13.3,63
2022-07-01,14.2,13.3,3
2022-07-02,17.8,18.1,0
2022-07-03,19.0,19.2,51
2022-07-04,19.9,20.4,53
2022-07-05,19.6,19.6,0
2022-07-06,19.0,18.2,1
2022-07-07,18.5,18.0,2
2022-07-08,19.0,18.0,2
2022-07-09,21.2,20.4,0
2022-07-10,21.5,20.5,0
2022-07-11,22.9,21.9,0
2022-07-12,24.0,23.5,3
2022-07-13,24.0,23.7,3
2022-07-14,25.2,25.9,3
2022-07-15,23.6,23.3,3
2022-07-16,23.2,21.7,3
2022-07-17,24.6,23.0,3
2022-07-18,28.1,28.0,0
2022-07-19,26.6,27.3,3
2022-07-20,21.2,22.1,61
2022-07-21,20.6,22.1,3
2022-07-22,21.3,22.2,63
2022-07-23,20.9,21.9,51
2022-07-24,22.9,24.1,0
2022-07-25,20.3,20.3,55
2022-07-26,17.5,17.1,51
2022-07-27,18.8,18.6,2
2022-07-28,20.1,19.8,3
2022-07-29,20.8,21.5,53
2022-07-30,21.2,22.1,3
2022-07-31,22.7,23.8,1
2022-08-01,23.0,23.6,3
2022-08-02,24.0,25.0,1
2022-08-03,26.1,27.0,2
2022-08-04,27.0,28.0,51
2022-08-05,23.3,24.6,63
2022-08-06,22.6,21.3,3
2022-08-07,22.1,20.0,0
2022-08-08,23.3,21.4,0
2022-08-09,24.8,23.0,3
2022-08-10,26.1,24.5,3
2022-08-11,26.4,26.0,0
2022-08-12,26.7,26.2,0
2022-08-13,25.8,26.5,3
2022-08-14,21.0,21.8,63
2022-08-15,20.3,20.2,51
2022-08-16,19.2,20.5,63
2022-08-17,18.1,18.5,63
2022-08-18,18.3,18.2,3
2022-08-19,18.7,19.1,51
2022-08-20,19.7,20.8,51
2022-08-21,19.3,19.7,51
2022-08-22,19.6,20.6,51
2022-08-23,21.0,22.4,3
2022-08-24,23.7,24.8,3
2022-08-25,22.0,22.3,3
2022-08-26,20.3,21.3,51
2022-08-27,20.4,20.4,3
2022-08-28,21.9,21.9,2
2022-08-29,23.5,23.5,3
2022-08-30,22.0,22.9,61
2022-08-31,21.6,21.7,3
2022-09-01,21.0,22.1,63
2022-09-02,18.8,19.5,63
2022-09-03,19.2,19.2,53
2022-09-04,20.7,20.8,2
2022-09-05,22.9,23.6,53
2022-09-06,20.5,21.5,63
2022-09-07,18.3,18.6,61
2022-09-08,17.0,15.8,61
2022-09-09,16.4,15.2,51
2022-09-10,16.8,16.1,51
2022-09-11,17.7,17.4,0
2022-09-12,23.0,22.7,3
2022-09-13,23.3,24.5,63
2022-09-14,19.9,20.9,65
2022-09-15,17.9,18.4,55
2022-09-16,15.1,14.0,3
2022-09-17,12.5,9.9,3
2022-09-18,12.5,9.8,0
2022-09-19,13.5,10.6,0
2022-09-20,13.4,10.3,3
2022-09-21,14.0,11.1,3
2022-09-22,14.5,13.1,0
2022-09-23,14.8,13.7,3
2022-09-24,13.8,12.8,51
2022-09-25,12.4,11.8,53
2022-09-26,12.1,10.1,61
2022-09-27,12.2,9.6,61
2022-09-28,13.6,11.5,63
2022-09-29,11.2,9.3,53
2022-09-30,10.1,8.4,51
2022-10-01,14.2,12.7,61
2022-10-02,16.3,15.4,51
2022-10-03,14.5,13.7,3
2022-10-04,13.9,13.4,0
2022-10-05,16.1,15.2,0
2022-10-06,15.2,14.8,51
2022-10-07,15.6,15.5,51
2022-10-08,14.5,13.1,51
2022-10-09,14.3,13.4,1
2022-10-10,16.3,15.8,51
2022-10-11,15.1,15.6,55
2022-10-12,14.2,14.2,3
2022-10-13,13.5,13.2,55
2022-10-14,16.1,15.6,53
2022-10-15,16.2,15.8,55
2022-10-16,18.8,18.3,63
2022-10-17,18.9,18.2,51
2022-10-18,19.1,19.6,51
2022-10-19,20.0,19.2,3
2022-10-20,17.9,17.4,55
2022-10-21,16.7,15.7,65
2022-10-22,16.7,15.6,51
2022-10-23,19.1,16.8,51
2022-10-24,15.3,14.0,51
2022-10-25,15.2,14.0,63
2022-10-26,16.6,16.1,3
2022-10-27,20.0,18.4,3
2022-10-28,21.0,19.4,3
2022-10-29,20.0,17.5,3
2022-10-30,16.7,15.3,3
2022-10-31,16.7,15.7,63
2022-11-01,13.3,11.8,51
2022-11-02,12.2,10.9,51
2022-11-03,12.3,9.5,63
2022-11-04,9.2,5.5,63
2022-11-05,6.5,4.4,3
2022-11-06,8.4,5.8,53
2022-11-07,12.3,10.3,3
2022-11-08,14.3,11.6,63
2022-11-09,12.5,11.7,63
2022-11-10,9.7,8.7,3
2022-11-11,11.0,9.5,3
2022-11-12,13.2,11.9,3
2022-11-13,11.1,9.3,3
2022-11-14,11.9,9.7,63
2022-11-15,11.8,9.8,61
2022-11-16,11.1,8.2,61
2022-11-17,11.0,8.0,63
2022-11-18,8.0,5.6,51
2022-11-19,5.6,3.4,3
2022-11-20,4.2,1.3,55
2022-11-21,6.6,3.1,63
2022-11-22,6.6,3.4,55
2022-11-23,9.0,6.1,61
2022-11-24,8.6,6.0,51
2022-11-25,8.3,6.1,53
2022-11-26,5.6,3.7,3
2022-11-27,7.9,4.5,3
2022-11-28,8.3,5.8,61
2022-11-29,5.4,3.3,51
2022-11-30,5.1,2.0,3
2022-12-01,5.9,2.4,51
2022-12-02,4.5,1.1,71
2022-12-03,4.4,1.5,71
2022-12-04,4.1,1.7,53
2022-12-05,2.6,-0.3,3
2022-12-06,0.3,-3.1,3
2022-12-07,1.1,-3.1,3
2022-12-08,-0.1,-3.4,3
2022-12-09,1.6,-2.1,51
2022-12-10,-0.9,-5.1,3
2022-12-11,-3.6,-7.5,3
2022-12-12,-1.6,-5.4,73
2022-12-13,1.7,-1.4,61
2022-12-14,8.0,5.6,61
2022-12-15,6.0,3.3,51
2022-12-16,0.9,-3.8,51
2022-12-17,-1.5,-5.7,3
2022-12-18,3.7,-0.9,3
2022-12-19,10.3,6.8,3
2022-12-20,11.7,8.6,61
2022-12-21,10.6,8.3,61
2022-12-22,11.4,8.9,61
2022-12-23,12.7,10.7,61
2022-12-24,11.0,9.6,53
2022-12-25,10.5,7.9,51
2022-12-26,9.6,7.6,61
2022-12-27,7.5,5.6,51
2022-12-28,9.5,6.9,53
2022-12-29,9.6,6.7,61
2022-12-30,10.2,7.2,61
2022-12-31,12.5,9.9,53
2023-01-01,12.9,9.4,3
2023-01-02,10.6,8.0,55
2023-01-03,6.0,4.1,51
2023-01-04,6.6,3.8,51
2023-01-05,9.0,7.5,51
2023-01-06,8.9,7.6,51
2023-01-07,7.6,4.3,61
2023-01-08,8.6,5.2,63
2023-01-09,5.7,1.7,61
2023-01-10,6.1,3.2,51
2023-01-11,8.4,5.6,51
2023-01-12,8.0,4.9,51
2023-01-13,9.2,6.3,61
2023-01-14,8.2,4.8,51
2023-01-15,6.9,3.0,55
2023-01-16,4.8,-0.1,75
2023-01-17,3.6,-0.4,75
2023-01-18,1.5,-2.5,71
2023-01-19,0.9,-2.8,75
2023-01-20,0.7,-2.9,51
2023-01-21,0.5,-4.0,71
2023-01-22,-1.6,-6.1,3
2023-01-23,0.7,-4.2,3
2023-01-24,2.1,-2.1,3
2023-01-25,1.8,-1.9,51
2023-01-26,0.5,-3.6,3
2023-01-27,2.1,-2.4,51
2023-01-28,2.3,-2.5,51
2023-01-29,1.0,-3.1,3
2023-01-30,-1.3,-4.5,51
2023-01-31,4.0,1.8,51
2023-02-01,4.7,2.4,51
2023-02-02,4.8,1.9,3
2023-02-03,3.0,-0.3,2
2023-02-04,5.9,2.6,3
2023-02-05,6.7,3.0,3
2023-02-06,4.5,0.1,3
2023-02-07,3.5,-0.9,3
2023-02-08,2.0,-1.6,0
2023-02-09,1.1,-2.6,3
2023-02-10,0.1,-3.8,1
2023-02-11,1.5,-2.3,2
2023-02-12,3.5,0.1,3
2023-02-13,3.9,-0.0,0
2023-02-14,4.4,0.6,3
2023-02-15,4.8,1.4,3
2023-02-16,5.5,2.5,3
2023-02-17,7.0,5.0,51
2023-02-18,9.8,8.3,51
2023-02-19,8.0,6.3,51
2023-02-20,9.0,6.6,2
2023-02-21,8.8,6.3,51
2023-02-22,9.2,7.4,61
2023-02-23,8.6,7.0,63
2023-02-24,6.2,2.9,55
2023-02-25,3.7,-0.1,3
2023-02-26,1.8,-4.4,3
2023-02-27,0.6,-5.2,3
2023-02-28,0.1,-4.7,3
2023-03-01,0.9,-3.1,3
2023-03-02,1.3,-2.0,51
2023-03-03,3.0,0.1,3
2023-03-04,5.4,2.2,3
2023-03-05,3.2,0.0,0
2023-03-06,1.0,-2.4,3
2023-03-07,2.0,-1.2,51
2023-03-08,8.6,4.8,61
2023-03-09,10.2,7.3,63
2023-03-10,8.8,4.5,63
2023-03-11,12.0,9.2,63
2023-03-12,11.3,9.2,53
2023-03-13,13.1,10.5,53
2023-03-14,8.6,4.1,61
2023-03-15,6.8,4.5,51
2023-03-16,10.5,7.1,3
2023-03-17,12.2,8.1,51
2023-03-18,10.1,7.1,61
2023-03-19,9.3,7.2,51
2023-03-20,8.4,6.7,3
2023-03-21,8.8,6.8,3
2023-03-22,10.3,8.2,3
2023-03-23,13.4,11.6,53
2023-03-24,11.6,8.6,63
2023-03-25,10.4,7.1,55
2023-03-26,8.8,4.9,63
2023-03-27,7.0,3.8,51
2023-03-28,7.3,4.1,51
2023-03-29,14.7,11.9,3
2023-03-30,13.4,11.2,61
2023-03-31,11.2,6.7,63
2023-04-01,8.2,4.3,61
2023-04-02,7.4,4.4,51
2023-04-03,7.5,4.2,51
2023-04-04,5.9,1.9,0
2023-04-05,5.7,2.8,3
2023-04-06,8.6,6.1,3
2023-04-07,8.5,5.9,3
2023-04-08,9.8,6.8,3
2023-04-09,11.1,9.1,3
2023-04-10,10.9,8.7,51
2023-04-11,11.3,8.8,51
2023-04-12,9.2,5.3,61
2023-04-13,6.0,2.6,73
2023-04-14,7.1,3.8,63
2023-04-15,9.0,4.9,53
2023-04-16,8.5,5.6,3
2023-04-17,8.9,5.8,51
2023-04-18,10.0,7.2,51
2023-04-19,12.8,11.0,3
2023-04-20,11.3,8.6,51
2023-04-21,11.4,9.3,3
2023-04-22,12.1,9.9,63
2023-04-23,11.2,8.1,61
2023-04-24,10.6,7.9,51
2023-04-25,10.1,8.6,3
2023-04-26,12.1,11.0,51
2023-04-27,13.5,12.9,51
2023-04-28,17.5,17.8,55
2023-04-29,16.8,16.9,61
2023-04-30,14.3,12.9,53
2023-05-01,12.5,11.1,61
2023-05-02,12.8,11.0,0
2023-05-03,16.1,14.9,3
2023-05-04,16.3,14.5,51
2023-05-05,13.8,12.9,53
2023-05-06,16.2,16.0,51
2023-05-07,14.7,13.9,61
2023-05-08,14.7,14.1,51
2023-05-09,13.5,12.1,63
2023-05-10,11.3,9.0,61
2023-05-11,10.8,9.0,61
2023-05-12,10.5,8.8,61
2023-05-13,11.7,10.1,63
2023-05-14,12.7,11.3,51
2023-05-15,12.2,11.1,61
2023-05-16,11.1,7.5,51
2023-05-17,11.0,7.0,3
2023-05-18,11.8,8.7,3
2023-05-19,12.9,10.2,3
2023-05-20,13.5,11.6,53
2023-05-21,14.1,14.1,63
2023-05-22,16.7,16.6,63
2023-05-23,17.0,16.3,3
2023-05-24,15.6,13.4,3
2023-05-25,13.9,11.0,51
2023-05-26,18.0,17.1,1
2023-05-27,19.6,19.7,3
2023-05-28,20.0,20.5,51
2023-05-29,19.6,19.0,2
2023-05-30,19.7,18.7,3
2023-05-31,19.8,18.8,2
2023-06-01,19.1,19.2,53
2023-06-02,19.7,19.7,3
2023-06-03,19.3,19.5,51
2023-06-04,18.3,19.0,63
2023-06-05,19.4,19.6,51
2023-06-06,19.7,20.0,53
2023-06-07,20.6,21.1,3
2023-06-08,21.5,22.2,51
2023-06-09,19.4,20.1,61
2023-06-10,19.5,20.7,51
2023-06-11,19.9,21.3,51
2023-06-12,20.8,21.8,3
2023-06-13,19.0,20.6,61
2023-06-14,20.4,20.2,3
2023-06-15,19.0,19.7,51
2023-06-16,20.3,21.7,51
2023-06-17,22.4,23.8,3
2023-06-18,21.3,23.0,63
2023-06-19,20.6,22.1,63
2023-06-20,20.2,21.1,61
2023-06-21,20.1,22.1,61
2023-06-22,19.4,20.6,65
2023-06-23,19.8,21.3,51
2023-06-24,21.0,21.2,3
2023-06-25,22.5,23.3,3
2023-06-26,20.0,20.7,51
2023-06-27,18.8,18.7,3
2023-06-28,19.8,20.2,0
2023-06-29,20.0,20.7,51
2023-06-30,17.6,17.1,61
2023-07-01,18.2,17.4,61
2023-07-02,18.4,17.8,53
2023-07-03,17.6,17.6,51
2023-07-04,18.5,18.5,51
2023-07-05,17.1,17.3,53
2023-07-06,18.9,19.9,51
2023-07-07,22.5,24.0,61
2023-07-08,23.8,25.1,53
2023-07-09,23.2,25.2,65
2023-07-10,22.7,24.7,3
2023-07-11,23.1,25.2,53
2023-07-12,19.2,19.9,51
2023-07-13,17.7,17.6,3
2023-07-14,20.8,20.5,3
2023-07-15,19.4,19.4,51
2023-07-16,18.1,17.3,3
2023-07-17,18.7,18.6,3
2023-07-18,22.5,23.1,1
2023-07-19,19.5,19.4,3
2023-07-20,20.2,20.8,3
2023-07-21,18.7,18.3,51
2023-07-22,18.1,17.4,3
2023-07-23,19.7,20.1,53
2023-07-24,19.6,19.2,51
2023-07-25,17.0,15.0,53
2023-07-26,16.7,16.1,53
2023-07-27,19.5,19.6,3
2023-07-28,19.3,19.8,51
2023-07-29,19.8,20.9,53
2023-07-30,17.4,16.7,3
2023-07-31,18.0,17.6,3
2023-08-01,19.8,18.9,53
2023-08-02,18.9,17.6,61
2023-08-03,16.0,14.3,61
2023-08-04,15.9,14.7,55
2023-08-05,15.1,13.7,51
2023-08-06,15.0,13.2,51
2023-08-07,15.7,15.0,3
2023-08-08,16.5,15.9,3
2023-08-09,19.5,19.7,2
2023-08-10,22.4,23.2,51
2023-08-11,21.7,23.7,3
2023-08-12,21.4,23.1,63
2023-08-13,20.2,21.1,51
2023-08-14,22.4,24.3,53
2023-08-15,20.4,22.1,63
2023-08-16,20.9,23.0,63
2023-08-17,23.6,26.0,3
2023-08-18,25.0,26.1,3
2023-08-19,24.9,27.0,3
2023-08-20,26.0,28.2,0
2023-08-21,26.9,29.6,0
2023-08-22,27.8,31.1,1
2023-08-23,28.3,31.7,3
2023-08-24,27.6,29.3,53
2023-08-25,22.2,22.4,61
2023-08-26,17.5,17.0,55
2023-08-27,16.7,15.3,51
2023-08-28,15.9,14.7,53
2023-08-29,15.7,14.6,51
2023-08-30,15.9,15.0,51
2023-08-31,15.5,14.6,51
2023-09-01,19.5,20.1,2
2023-09-02,21.2,22.0,53
2023-09-03,23.1,23.3,3
2023-09-04,26.5,26.0,0
2023-09-05,25.6,25.1,0
2023-09-06,23.6,24.8,3
2023-09-07,23.6,23.1,0
2023-09-08,23.6,23.1,2
2023-09-09,23.7,23.1,1
2023-09-10,23.9,23.9,3
2023-09-11,22.1,22.6,51
2023-09-12,20.1,21.6,61
2023-09-13,18.9,20.1,51
2023-09-14,18.1,18.8,3
2023-09-15,19.7,19.7,3
2023-09-16,21.2,21.7,53
2023-09-17,21.6,22.6,63
2023-09-18,18.6,18.5,63
2023-09-19,16.9,16.7,51
2023-09-20,18.0,17.4,51
2023-09-21,16.6,15.2,63
2023-09-22,13.5,11.2,51
2023-09-23,12.4,11.1,51
2023-09-24,12.6,11.5,2
2023-09-25,15.1,14.3,0
2023-09-26,18.0,17.4,3
2023-09-27,18.1,17.8,3
2023-09-28,19.3,20.2,3
2023-09-29,18.2,18.7,3
2023-09-30,16.9,17.5,3
2023-10-01,18.3,18.5,3
2023-10-02,20.9,20.0,1
2023-10-03,18.4,17.9,53
2023-10-04,14.0,12.6,3
2023-10-05,13.3,12.2,3
2023-10-06,13.4,11.9,3
2023-10-07,14.5,12.7,0
2023-10-08,17.7,16.4,0
2023-10-09,18.1,17.3,0
2023-10-10,16.8,16.2,0
2023-10-11,16.3,15.6,0
2023-10-12,18.0,17.4,3
2023-10-13,20.3,18.5,3
2023-10-14,15.4,13.9,51
2023-10-15,11.7,8.8,3
2023-10-16,11.6,8.9,3
2023-10-17,17.4,16.1,3
2023-10-18,17.9,16.7,55
2023-10-19,16.4,15.6,61
2023-10-20,13.6,11.3,63
2023-10-21,11.1,8.2,61
2023-10-22,11.1,9.2,3
2023-10-23,11.7,10.1,65
2023-10-24,12.3,10.4,61
2023-10-25,13.2,10.4,63
2023-10-26,13.4,12.0,61
2023-10-27,11.2,8.3,61
2023-10-28,13.1,9.8,61
2023-10-29,12.9,11.3,63
2023-10-30,12.0,10.1,63
2023-10-31,11.5,9.1,53
2023-11-01,11.0,8.0,63
2023-11-02,9.9,5.9,65
2023-11-03,6.8,3.2,61
2023-11-04,9.6,5.4,63
2023-11-05,10.3,6.2,61
2023-11-06,9.2,5.8,61
2023-11-07,8.1,5.5,51
2023-11-08,9.5,6.4,53
2023-11-09,9.9,6.7,61
2023-11-10,8.5,5.4,63
2023-11-11,6.8,4.6,63
2023-11-12,12.1,9.6,63
2023-11-13,14.1,12.3,55
2023-11-14,14.2,12.9,61
2023-11-15,10.8,9.5,51
2023-11-16,11.3,8.0,63
2023-11-17,8.1,6.5,51
2023-11-18,10.3,8.5,3
2023-11-19,12.1,10.7,51
2023-11-20,9.8,8.2,51
2023-11-21,8.7,6.3,61
2023-11-22,7.8,4.4,51
2023-11-23,5.8,2.4,3
2023-11-24,8.1,5.9,51
2023-11-25,3.4,0.2,3
2023-11-26,0.2,-3.0,3
2023-11-27,3.5,-0.0,61
2023-11-28,5.8,2.7,51
2023-11-29,3.0,0.3,61
2023-11-30,8.3,6.3,63
2023-12-01,6.2,4.1,53
2023-12-02,0.1,-3.5,3
2023-12-03,-0.4,-4.7,3
2023-12-04,6.3,1.1,61
2023-12-05,4.5,0.9,53
2023-12-06,1.2,-1.6,3
2023-12-07,4.9,0.9,63
2023-12-08,7.3,4.8,61
2023-12-09,8.6,5.2,61
2023-12-10,9.3,6.7,63
2023-12-11,13.0,11.0,63
2023-12-12,11.2,8.9,61
2023-12-13,8.3,5.0,61
2023-12-14,5.5,2.2,51
2023-12-15,6.2,4.1,51
2023-12-16,5.4,2.6,3
2023-12-17,2.1,-0.8,0
2023-12-18,2.0,-1.1,3
2023-12-19,0.6,-2.5,51
2023-12-20,5.0,2.1,61
2023-12-21,8.5,5.7,53
2023-12-22,8.5,5.5,51
2023-12-23,7.9,5.5,51
2023-12-24,8.5,6.2,51
2023-12-25,6.6,3.9,3
2023-12-26,5.9,3.6,3
2023-12-27,5.1,1.5,3
2023-12-28,8.4,5.1,55
2023-12-29,8.7,6.2,53
2023-12-30,8.3,6.1,51
2023-12-31,7.7,3.6,63
2024-01-01,6.7,3.5,53
2024-01-02,8.1,3.5,55
2024-01-03,9.6,6.1,53
2024-01-04,8.3,5.4,51
2024-01-05,6.9,4.8,53
2024-01-06,3.2,0.1,51
2024-01-07,2.8,-1.6,51
2024-01-08,0.5,-3.8,51
2024-01-09,-1.6,-5.3,3
2024-01-10,-2.2,-5.8,71
2024-01-11,1.2,-2.3,51
2024-01-12,0.4,-3.8,0
2024-01-13,-0.7,-4.2,3
2024-01-14,1.2,-2.1,71
2024-01-15,2.7,0.0,51
2024-01-16,4.4,2.0,51
2024-01-17,10.3,7.2,61
2024-01-18,6.1,2.2,73
2024-01-19,-0.9,-5.4,3
2024-01-20,-1.1,-5.6,1
2024-01-21,2.6,-1.7,3
2024-01-22,6.9,3.0,61
2024-01-23,9.0,6.8,51
2024-01-24,11.7,10.2,53
2024-01-25,10.4,9.4,3
2024-01-26,8.9,7.5,51
2024-01-27,9.0,7.7,3
2024-01-28,9.7,6.5,3
2024-01-29,10.6,7.8,3
2024-01-30,9.6,7.5,51
2024-01-31,7.2,5.3,3
2024-02-01,7.4,6.0,51
2024-02-02,8.7,7.3,51
2024-02-03,5.8,3.5,3
2024-02-04,4.9,2.5,3
2024-02-05,4.3,2.0,3
2024-02-06,6.0,3.3,3
2024-02-07,8.5,5.2,53
2024-02-08,11.2,8.0,53
2024-02-09,10.4,7.6,61
2024-02-10,7.6,4.8,61
2024-02-11,7.0,3.2,53
2024-02-12,5.2,2.6,61
2024-02-13,6.1,3.5,3
2024-02-14,11.1,8.9,3
2024-02-15,12.9,10.0,3
2024-02-16,10.7,8.5,55
2024-02-17,7.3,5.1,3
2024-02-18,6.0,3.8,51
2024-02-19,8.9,7.2,51
2024-02-20,8.1,6.2,3
2024-02-21,7.8,5.0,53
2024-02-22,9.4,5.4,61
2024-02-23,4.3,0.1,75
2024-02-24,4.6,0.5,53
2024-02-25,6.1,1.7,63
2024-02-26,7.9,4.5,61
2024-02-27,5.8,1.9,51
2024-02-28,5.4,2.3,3
2024-02-29,5.4,2.4,55
2024-03-01,6.3,2.5,63
2024-03-02,7.6,4.0,63
2024-03-03,5.1,2.0,53
2024-03-04,3.9,0.6,61
2024-03-05,5.1,1.5,73
2024-03-06,4.9,2.3,51
2024-03-07,6.8,3.3,3
2024-03-08,8.2,4.3,63
2024-03-09,7.8,4.4,61
2024-03-10,6.5,3.8,61
2024-03-11,5.8,2.8,61
2024-03-12,8.1,5.8,51
2024-03-13,9.5,7.9,3
2024-03-14,11.5,9.1,3
2024-03-15,11.5,9.1,51
2024-03-16,12.0,10.7,51
2024-03-17,11.7,10.5,53
2024-03-18,12.2,10.7,53
2024-03-19,10.7,9.3,3
2024-03-20,13.2,11.6,3
2024-03-21,13.4,12.8,3
2024-03-22,13.3,12.0,3
2024-03-23,8.8,5.1,51
2024-03-24,7.5,4.1,53
2024-03-25,8.5,5.2,51
2024-03-26,7.7,4.7,63
2024-03-27,6.6,2.6,61
2024-03-28,8.8,4.0,55
2024-03-29,10.3,7.7,63
2024-03-30,8.4,6.0,63
2024-03-31,9.9,7.1,61
2024-04-01,8.2,4.9,55
2024-04-02,9.9,6.6,53
2024-04-03,11.3,8.4,61
2024-04-04,13.5,11.3,51
2024-04-05,17.1,14.5,3
2024-04-06,18.6,14.4,3
2024-04-07,16.8,16.0,61
2024-04-08,15.1,13.3,63
2024-04-09,8.2,5.0,61
2024-04-10,8.1,5.4,51
2024-04-11,10.7,9.1,3
2024-04-12,15.0,14.5,2
2024-04-13,16.4,16.5,3
2024-04-14,16.9,17.1,3
2024-04-15,12.4,10.0,51
2024-04-16,8.8,5.2,51
2024-04-17,7.8,4.5,51
2024-04-18,6.7,3.3,51
2024-04-19,7.1,4.6,2
2024-04-20,8.3,4.8,3
2024-04-21,5.9,1.6,51
2024-04-22,5.5,1.2,51
2024-04-23,4.8,1.0,51
2024-04-24,5.6,2.4,51
2024-04-25,8.1,6.0,63
2024-04-26,9.5,7.4,53
2024-04-27,11.9,8.6,63
2024-04-28,11.2,8.7,53
2024-04-29,10.3,9.0,55
2024-04-30,12.2,11.1,61
2024-05-01,10.2,8.7,63
2024-05-02,9.2,6.4,61
2024-05-03,8.6,6.2,63
2024-05-04,10.9,8.5,63
2024-05-05,14.5,13.6,61
2024-05-06,11.7,9.3,55
2024-05-07,11.1,8.8,61
2024-05-08,13.3,11.5,3
2024-05-09,13.8,12.0,2
2024-05-10,16.9,16.8,2
2024-05-11,18.2,18.0,3
2024-05-12,15.6,15.0,61
2024-05-13,16.2,15.8,61
2024-05-14,12.7,11.6,61
2024-05-15,11.7,10.1,61
2024-05-16,10.4,9.0,63
2024-05-17,11.8,10.8,51
2024-05-18,12.2,11.4,61
2024-05-19,13.4,12.5,61
2024-05-20,12.9,11.8,63
2024-05-21,12.6,10.7,61
2024-05-22,12.7,11.2,63
2024-05-23,12.5,11.3,61
2024-05-24,12.8,12.1,63
2024-05-25,14.1,13.5,3
2024-05-26,15.2,14.1,3
2024-05-27,12.9,11.3,51
2024-05-28,13.4,12.5,51
2024-05-29,12.8,11.8,53
2024-05-30,14.2,12.6,63
2024-05-31,12.6,10.9,53
2024-06-01,13.2,11.5,51
2024-06-02,13.7,12.1,51
2024-06-03,15.2,14.0,3
2024-06-04,15.6,15.3,3
2024-06-05,16.3,16.0,3
2024-06-06,16.8,16.6,63
2024-06-07,18.0,18.8,3
2024-06-08,19.5,20.7,63
2024-06-09,16.7,15.7,61
2024-06-10,15.4,14.5,3
2024-06-11,14.1,12.7,53
2024-06-12,13.0,11.2,51
2024-06-13,14.0,12.3,3
2024-06-14,15.5,14.1,63
2024-06-15,14.1,12.0,53
2024-06-16,14.7,13.0,61
2024-06-17,18.6,19.7,61
2024-06-18,20.2,21.3,3
2024-06-19,19.5,20.8,63
2024-06-20,17.1,17.9,61
2024-06-21,16.9,16.6,61
2024-06-22,15.1,14.0,63
2024-06-23,15.8,15.1,51
2024-06-24,18.2,18.0,3
2024-06-25,21.6,23.4,51
2024-06-26,22.7,24.9,1
2024-06-27,21.7,23.8,63
2024-06-28,22.3,25.0,53
2024-06-29,21.5,22.6,63
2024-06-30,17.2,17.0,61
2024-07-01,16.4,15.9,51
2024-07-02,16.2,15.3,51
2024-07-03,16.1,14.9,51
2024-07-04,17.1,16.4,51
2024-07-05,17.5,18.1,3
2024-07-06,16.0,15.3,63
2024-07-07,14.1,12.8,3
2024-07-08,17.9,18.3,3
2024-07-09,22.1,22.8,53
2024-07-10,19.6,20.9,3
2024-07-11,20.5,22.1,53
2024-07-12,17.8,17.6,61
2024-07-13,15.0,14.2,3
2024-07-14,16.4,16.4,53
2024-07-15,19.9,20.0,51
2024-07-16,18.3,17.5,51
2024-07-17,18.1,18.9,3
2024-07-18,22.2,23.6,3
2024-07-19,23.1,25.3,51
2024-07-20,21.8,24.6,65
2024-07-21,19.1,19.7,53
2024-07-22,17.6,17.4,51
2024-07-23,18.8,19.8,51
2024-07-24,20.6,21.9,3
2024-07-25,20.1,21.0,2
2024-07-26,21.3,22.8,3
2024-07-27,21.5,23.5,55
2024-07-28,24.0,25.8,3
2024-07-29,27.1,30.8,53
2024-07-30,25.6,28.8,3
2024-07-31,26.8,29.1,51
2024-08-01,23.4,25.4,3
2024-08-02,21.5,22.6,3
2024-08-03,19.4,19.9,3
2024-08-04,18.9,19.6,51
2024-08-05,21.1,22.6,0
2024-08-06,21.7,22.9,3
2024-08-07,20.5,21.5,51
2024-08-08,19.7,20.2,3
2024-08-09,20.9,21.5,3
2024-08-10,23.4,24.6,2
2024-08-11,27.3,28.3,3
2024-08-12,26.0,27.2,3
2024-08-13,21.4,22.9,51
2024-08-14,20.3,21.8,51
2024-08-15,20.6,21.5,3
2024-08-16,19.6,20.1,1
2024-08-17,18.2,18.8,63
2024-08-18,17.2,16.7,51
2024-08-19,16.7,16.3,3
2024-08-20,17.4,17.5,3
2024-08-21,18.1,17.6,51
2024-08-22,17.5,16.7,0
2024-08-23,18.1,18.2,3
2024-08-24,21.8,21.6,51
2024-08-25,16.3,15.3,3
2024-08-26,16.1,14.7,3
2024-08-27,19.9,19.2,3
2024-08-28,22.5,22.7,3
2024-08-29,21.3,22.5,3
2024-08-30,22.7,24.6,61
2024-08-31,23.3,24.9,3
2024-09-01,20.2,21.2,53
2024-09-02,19.8,20.7,51
2024-09-03,17.3,18.3,61
2024-09-04,16.3,16.6,53
2024-09-05,15.5,14.7,53
2024-09-06,15.6,15.6,65
2024-09-07,17.1,17.5,63
2024-09-08,15.0,14.1,53
2024-09-09,16.2,15.1,51
2024-09-10,14.5,13.2,3
2024-09-11,13.9,12.7,61
2024-09-12,11.3,9.4,3
2024-09-13,10.3,7.8,51
2024-09-14,11.1,8.7,3
2024-09-15,11.4,8.5,3
2024-09-16,13.3,11.1,3
2024-09-17,15.0,12.8,51
2024-09-18,15.4,14.4,3
2024-09-19,15.5,15.1,1
2024-09-20,16.7,15.6,53
2024-09-21,17.4,16.2,51
2024-09-22,15.8,15.5,63
2024-09-23,13.5,12.0,61
2024-09-24,13.8,12.5,61
2024-09-25,15.1,13.6,61
2024-09-26,16.1,14.3,63
2024-09-27,12.4,9.5,63
2024-09-28,10.7,8.7,51
2024-09-29,9.7,7.6,51
2024-09-30,15.1,13.1,51
2024-10-01,14.1,13.7,63
2024-10-02,11.7,10.7,51
2024-10-03,11.1,9.3,51
2024-10-04,9.4,6.9,3
2024-10-05,10.4,8.5,3
2024-10-06,15.0,13.4,63
2024-10-07,16.7,16.1,63
2024-10-08,14.8,13.8,63
2024-10-09,16.6,13.8,63
2024-10-10,12.7,10.8,51
2024-10-11,11.4,10.3,51
2024-10-12,14.4,13.1,55
2024-10-13,16.3,16.8,61
2024-10-14,17.1,17.7,3
2024-10-15,18.9,19.3,63
2024-10-16,19.4,18.2,63
2024-10-17,15.2,14.8,63
2024-10-18,11.7,9.8,63
2024-10-19,11.7,10.1,53
2024-10-20,14.5,14.2,3
2024-10-21,16.2,15.5,51
2024-10-22,13.9,13.1,51
2024-10-23,12.9,11.8,2
2024-10-24,14.0,13.1,1
2024-10-25,14.7,13.8,63
2024-10-26,13.3,13.0,63
2024-10-27,14.2,14.1,63
2024-10-28,12.8,12.3,1
2024-10-29,13.5,13.2,3
2024-10-30,14.9,14.6,3
2024-10-31,13.8,13.4,0
2024-11-01,13.1,12.2,0
2024-11-02,11.8,10.6,0
2024-11-03,12.4,11.5,0
2024-11-04,12.9,12.0,3
2024-11-05,13.8,13.1,61
2024-11-06,13.1,12.7,3
2024-11-07,12.7,12.1,2
2024-11-08,11.8,10.2,3
2024-11-09,12.4,11.4,53
2024-11-10,12.2,11.8,51
2024-11-11,11.1,9.0,51
2024-11-12,7.3,4.0,51
2024-11-13,6.2,2.2,3
2024-11-14,6.3,2.0,3
2024-11-15,7.4,4.9,0
2024-11-16,5.6,3.2,3
2024-11-17,6.5,4.5,3
2024-11-18,8.6,6.3,51
2024-11-19,10.0,6.4,63
2024-11-20,7.2,4.2,61
2024-11-21,6.2,1.6,63
2024-11-22,2.4,-1.1,3
2024-11-23,5.5,0.6,3
2024-11-24,13.3,8.3,3
2024-11-25,13.6,9.5,63
2024-11-26,8.8,6.3,55
2024-11-27,8.8,6.1,3
2024-11-28,10.4,8.5,3
2024-11-29,9.4,8.1,3
2024-11-30,7.5,6.2,3
2024-12-01,9.6,7.5,3
2024-12-02,9.4,7.6,63
2024-12-03,5.9,3.6,51
2024-12-04,3.9,1.1,3
2024-12-05,3.9,0.3,53
2024-12-06,9.8,7.1,55
2024-12-07,8.1,3.9,63
2024-12-08,5.2,0.1,53
2024-12-09,4.6,0.3,53
2024-12-10,3.2,-1.0,3
2024-12-11,3.1,-0.5,3
2024-12-12,1.9,-1.4,0
2024-12-13,2.4,-0.7,51
2024-12-14,3.1,0.2,51
2024-12-15,4.3,2.0,51
2024-12-16,5.4,3.3,3
2024-12-17,4.4,1.3,3
2024-12-18,8.0,4.6,3
2024-12-19,7.7,3.9,75
2024-12-20,2.6,-0.7,51
2024-12-21,6.7,3.7,53
2024-12-22,7.6,2.9,61
2024-12-23,3.8,-0.9,51
2024-12-24,5.3,3.2,51
2024-12-25,8.0,5.9,3
2024-12-26,5.6,2.6,3
2024-12-27,2.2,-0.7,0
2024-12-28,1.6,-1.7,0
2024-12-29,-0.9,-3.8,3
2024-12-30,-1.4,-4.2,3
2024-12-31,-0.6,-3.5,3
2025-01-01,2.5,-1.6,3
2025-01-02,4.1,-0.4,61
2025-01-03,3.6,0.5,51
2025-01-04,6.0,2.7,53
2025-01-05,10.3,6.9,3
2025-01-06,8.7,4.1,51
2025-01-07,6.1,2.1,71
2025-01-08,10.6,6.3,63
2025-01-09,8.4,4.4,63
2025-01-10,8.1,5.6,73
2025-01-11,4.8,1.6,51
2025-01-12,-0.3,-5.5,3
2025-01-13,-1.0,-6.0,0
2025-01-14,-0.5,-4.8,0
2025-01-15,1.8,-2.5,3
2025-01-16,2.1,-2.1,3
2025-01-17,0.9,-2.5,0
2025-01-18,-0.6,-3.8,3
2025-01-19,-0.1,-3.0,3
2025-01-20,4.1,0.8,51
2025-01-21,5.1,1.6,53
2025-01-22,9.6,6.6,63
2025-01-23,6.8,3.8,61
2025-01-24,7.9,3.2,3
2025-01-25,9.3,5.3,63
2025-01-26,5.7,1.1,61
2025-01-27,8.8,4.2,61
2025-01-28,6.0,1.1,73
2025-01-29,6.5,2.3,53
2025-01-30,6.5,3.1,51
2025-01-31,4.3,1.2,73
2025-02-01,2.2,-1.3,75
2025-02-02,2.1,-0.7,0
2025-02-03,2.6,-0.4,0
2025-02-04,2.2,-0.8,0
2025-02-05,2.5,-1.0,3
2025-02-06,4.3,0.1,3
2025-02-07,4.7,0.7,63
2025-02-08,3.3,-0.6,71
2025-02-09,3.5,0.4,51
2025-02-10,7.3,4.2,63
2025-02-11,8.6,6.3,53
2025-02-12,8.4,6.2,53
2025-02-13,7.9,6.3,53
2025-02-14,6.9,3.9,3
2025-02-15,3.9,0.3,3
2025-02-16,5.1,2.1,3
2025-02-17,6.1,3.8,3
2025-02-18,7.0,4.4,3
2025-02-19,10.1,7.4,3
2025-02-20,10.6,8.4,3
2025-02-21,11.2,7.5,3
2025-02-22,10.2,7.1,63
2025-02-23,7.0,5.0,3
2025-02-24,9.5,6.6,61
2025-02-25,8.3,4.3,63
2025-02-26,5.7,2.6,51
2025-02-27,7.5,4.7,55
2025-02-28,4.7,0.3,3
2025-03-01,3.9,-1.1,3
2025-03-02,5.9,2.2,3
2025-03-03,6.8,4.0,3
2025-03-04,8.5,6.1,3
2025-03-05,9.6,6.3,3
2025-03-06,10.5,6.1,3
2025-03-07,11.2,7.1,3
2025-03-08,12.7,8.0,3
2025-03-09,10.4,7.2,63
2025-03-10,8.4,6.6,51
2025-03-11,7.9,5.8,51
2025-03-12,6.7,4.6,73
2025-03-13,3.6,0.4,73
2025-03-14,3.0,-1.1,51
2025-03-15,1.8,-2.3,73
2025-03-16,2.2,-1.0,73
2025-03-17,3.4,-0.6,2
2025-03-18,7.2,3.5,3
2025-03-19,10.6,6.3,3
2025-03-20,12.0,7.8,3
2025-03-21,12.3,8.1,63
2025-03-22,9.9,6.6,63
2025-03-23,9.4,5.8,53
2025-03-24,9.2,7.2,3
2025-03-25,8.8,6.8,51
2025-03-26,9.1,6.5,3
2025-03-27,10.2,7.7,3
2025-03-28,8.3,5.7,63
2025-03-29,7.0,2.7,53
2025-03-30,7.5,5.0,51
2025-03-31,10.6,8.0,3
2025-04-01,9.6,4.8,0
2025-04-02,7.8,3.7,75
2025-04-03,12.5,9.3,51
2025-04-04,13.3,11.3,3
2025-04-05,14.2,12.5,3
2025-04-06,14.2,13.1,0
2025-04-07,12.8,10.5,0
2025-04-08,12.3,10.2,3
2025-04-09,12.2,9.6,3
2025-04-10,13.3,9.8,0
2025-04-11,14.9,13.6,3
2025-04-12,12.8,10.4,63
2025-04-13,12.5,11.1,63
2025-04-14,12.0,10.6,51
2025-04-15,10.8,8.5,51
2025-04-16,8.6,6.8,51
2025-04-17,8.0,5.7,51
2025-04-18,10.9,8.6,3
2025-04-19,11.7,9.6,63
2025-04-20,7.7,3.1,63
2025-04-21,10.6,8.2,63
2025-04-22,10.6,8.6,51
2025-04-23,8.9,6.2,63
2025-04-24,11.1,9.2,51
2025-04-25,11.4,9.3,1
2025-04-26,10.4,8.5,53
2025-04-27,12.9,11.6,51
2025-04-28,14.0,12.9,51
2025-04-29,15.8,14.9,1
2025-04-30,17.0,16.1,0
2025-05-01,17.2,15.8,3
2025-05-02,17.1,15.4,3
2025-05-03,17.1,16.6,3
2025-05-04,14.6,13.8,53
2025-05-05,10.1,6.3,51
2025-05-06,10.1,6.9,53
2025-05-07,11.7,8.9,51
2025-05-08,11.6,9.5,51
2025-05-09,12.1,10.4,51
2025-05-10,15.2,13.5,51
2025-05-11,13.4,11.8,63
2025-05-12,12.3,10.4,51
2025-05-13,12.8,11.5,61
2025-05-14,14.8,14.2,51
2025-05-15,16.1,14.6,3
2025-05-16,14.3,11.8,0
2025-05-17,14.3,12.5,0
2025-05-18,16.2,14.5,3
2025-05-19,16.4,15.6,51
2025-05-20,16.4,15.3,63
2025-05-21,12.7,10.7,61
2025-05-22,12.3,9.7,51
2025-05-23,13.9,12.4,3
2025-05-24,13.9,12.8,3
2025-05-25,14.3,12.8,51
2025-05-26,13.9,12.3,51
2025-05-27,14.4,13.0,3
2025-05-28,16.2,15.3,3
2025-05-29,19.2,20.1,3
2025-05-30,23.0,23.2,2
2025-05-31,22.9,23.5,3
2025-06-01,18.7,18.8,53
2025-06-02,17.2,16.5,51
2025-06-03,17.8,17.7,51
2025-06-04,15.3,14.3,53
2025-06-05,15.3,13.4,51
2025-06-06,16.4,16.0,61
2025-06-07,15.8,14.6,53
2025-06-08,16.1,15.2,51
2025-06-09,17.0,16.6,0
2025-06-10,19.8,19.9,0
2025-06-11,23.4,23.6,3
2025-06-12,24.0,25.1,53
2025-06-13,26.0,26.7,3
2025-06-14,22.7,24.1,65
2025-06-15,18.4,17.9,63
2025-06-16,18.5,17.4,3
2025-06-17,21.0,19.7,0
2025-06-18,23.3,22.3,0
2025-06-19,25.5,25.6,0
2025-06-20,26.3,26.6,3
2025-06-21,27.4,27.6,2
2025-06-22,24.5,26.3,51
2025-06-23,22.2,22.6,1
2025-06-24,23.6,23.8,3
2025-06-25,25.3,25.8,63
2025-06-26,21.2,20.9,51
2025-06-27,22.0,23.4,3
2025-06-28,25.5,26.5,3
2025-06-29,28.4,29.0,3
2025-06-30,29.5,29.8,2
2025-07-01,29.3,29.8,2
2025-07-02,26.3,27.3,3
2025-07-03,24.0,24.3,3
2025-07-04,23.8,21.6,3
2025-07-05,22.8,20.9,3
2025-07-06,18.5,16.3,61
2025-07-07,16.6,15.0,51
2025-07-08,17.3,16.1,3
2025-07-09,19.1,17.9,0
2025-07-10,21.5,18.9,0
2025-07-11,24.0,21.5,0
2025-07-12,25.3,24.5,3
2025-07-13,23.5,23.8,53
2025-07-14,21.6,21.8,51
2025-07-15,20.4,19.4,3
2025-07-16,20.6,20.2,3
2025-07-17,24.9,25.6,3
2025-07-18,26.5,26.9,51
2025-07-19,21.3,20.8,51
2025-07-20,19.4,19.1,61
2025-07-21,17.7,15.7,55
2025-07-22,18.3,17.7,53
2025-07-23,17.4,17.6,65
2025-07-24,16.0,15.8,55
2025-07-25,17.1,17.3,63
2025-07-26,19.0,19.5,51
2025-07-27,17.5,16.7,53
2025-07-28,17.6,16.1,3
2025-07-29,18.4,17.6,3
2025-07-30,19.8,19.2,51
2025-07-31,20.5,20.8,3
2025-08-01,19.2,18.7,51
2025-08-02,17.4,15.7,51
2025-08-03,17.6,16.7,3
2025-08-04,21.0,20.4,3
2025-08-05,20.1,19.4,3
2025-08-06,19.7,17.6,3
2025-08-07,21.7,20.6,1
2025-08-08,24.4,24.1,0
2025-08-09,26.6,26.6,2
2025-08-10,27.1,26.9,0
2025-08-11,28.7,28.2,2
2025-08-12,28.5,29.7,3
2025-08-13,28.4,28.5,3
2025-08-14,27.2,28.6,3
2025-08-15,29.0,28.9,1
2025-08-16,29.1,29.0,0
2025-08-17,25.8,25.2,0
2025-08-18,24.1,23.8,3
2025-08-19,21.3,21.1,3
2025-08-20,18.1,18.3,63
2025-08-21,17.0,17.0,51
2025-08-22,18.9,18.8,3
2025-08-23,18.0,16.5,2
2025-08-24,21.2,19.2,3
2025-08-25,21.3,20.5,3
2025-08-26,22.0,21.8,61
2025-08-27,19.4,20.6,55
2025-08-28,18.1,17.6,51
2025-08-29,15.1,13.5,63
2025-08-30,16.7,16.2,51
2025-08-31,17.8,18.2,63
2025-09-01,15.3,14.6,63
2025-09-02,15.4,13.6,53
2025-09-03,19.0,18.1,51
2025-09-04,16.3,16.1,61
2025-09-05,15.3,15.0,51
2025-09-06,18.4,17.5,1
2025-09-07,22.0,21.1,3
2025-09-08,18.2,18.1,51
2025-09-09,16.1,15.2,3
2025-09-10,14.5,12.8,61
2025-09-11,15.0,13.6,55
2025-09-12,15.0,13.7,53
2025-09-13,15.1,14.0,53
2025-09-14,16.5,16.1,63
2025-09-15,17.1,16.6,53
2025-09-16,14.0,13.4,51
2025-09-17,15.2,15.2,3
2025-09-18,16.6,16.5,0
2025-09-19,20.3,19.5,3
2025-09-20,20.5,20.1,65
2025-09-21,14.2,14.2,63
2025-09-22,11.1,9.3,63
2025-09-23,8.8,6.4,61
2025-09-24,9.5,7.5,61
2025-09-25,9.8,8.4,51
2025-09-26,10.1,8.8,51
2025-09-27,12.3,10.9,3
2025-09-28,12.2,11.3,3
2025-09-29,13.7,12.6,3
2025-09-30,12.6,10.7,3
2025-10-01,12.6,10.6,3
2025-10-02,12.5,10.5,3
2025-10-03,13.1,11.7,51
2025-10-04,14.6,12.9,61
2025-10-05,10.1,7.8,51
2025-10-06,9.8,8.2,3
2025-10-07,13.5,12.4,3
2025-10-08,14.6,14.4,3
2025-10-09,14.0,12.4,51
2025-10-10,13.1,10.7,2
2025-10-11,13.2,12.0,0
2025-10-12,14.1,13.2,0
2025-10-13,12.1,10.3,0
2025-10-14,11.8,10.1,0
2025-10-15,12.3,9.5,0
2025-10-16,11.4,9.2,0
2025-10-17,11.0,9.0,0
2025-10-18,11.2,9.6,3
2025-10-19,14.3,11.5,61
2025-10-20,14.3,12.0,63
2025-10-21,13.8,12.3,63
2025-10-22,15.5,14.0,63
2025-10-23,12.0,7.5,63
2025-10-24,9.9,7.3,53
2025-10-25,10.5,8.3,63
2025-10-26,8.0,5.2,51
2025-10-27,10.5,7.8,51
2025-10-28,11.8,10.5,51
2025-10-29,11.5,8.6,61
2025-10-30,11.5,10.1,51
2025-10-31,13.2,10.8,3
2025-11-01,14.0,12.0,63
2025-11-02,11.1,8.8,53
2025-11-03,10.5,8.9,51
2025-11-04,12.3,9.1,3
2025-11-05,14.6,11.3,3
2025-11-06,13.1,11.0,61
2025-11-07,11.5,9.9,53
2025-11-08,11.0,9.4,55
2025-11-09,8.1,6.7,3
2025-11-10,8.3,5.8,53
2025-11-11,11.4,8.8,3
2025-11-12,13.9,10.0,3
2025-11-13,16.6,12.7,3
2025-11-14,16.0,12.9,63
2025-11-15,12.3,10.6,65
2025-11-16,11.0,9.4,63
2025-11-17,8.0,5.1,53
2025-11-18,3.1,-0.0,3
2025-11-19,1.3,-2.3,55
2025-11-20,1.9,-1.5,73
2025-11-21,-0.5,-4.5,73
2025-11-22,0.5,-3.1,3
2025-11-23,4.2,-0.3,73
2025-11-24,8.8,5.7,63
2025-11-25,5.3,1.3,51
2025-11-26,2.4,-1.1,3
2025-11-27,1.1,-1.5,3
2025-11-28,5.0,2.4,51
2025-11-29,8.0,5.0,51
2025-11-30,6.1,3.6,61
2025-12-01,2.4,-1.2,3
2025-12-02,6.2,2.0,61
2025-12-03,6.3,3.6,51
2025-12-04,6.0,2.4,61
2025-12-05,5.0,1.8,61
2025-12-06,9.2,5.9,53
2025-12-07,12.0,9.6,51
2025-12-08,11.5,10.0,3
2025-12-09,11.0,7.8,3
2025-12-10,10.1,8.8,61
2025-12-11,8.7,6.9,3
2025-12-12,8.7,6.3,3
2025-12-13,6.5,4.5,2
2025-12-14,5.3,2.7,0
2025-12-15,10.0,6.5,61
2025-12-16,10.3,7.8,3
2025-12-17,7.5,5.4,51
2025-12-18,10.1,6.3,3
2025-12-19,10.4,8.3,53
2025-12-20,8.8,7.0,51
2025-12-21,9.3,6.8,63
2025-12-22,5.1,2.8,61
2025-12-23,5.2,2.7,53
2025-12-24,3.5,-1.8,3
2025-12-25,2.1,-1.8,3
2025-12-26,4.5,1.0,3
2025-12-27,4.3,0.6,1
2025-12-28,3.7,-0.1,0
2025-12-29,0.4,-2.8,0
2025-12-30,-0.4,-5.2,3
2025-12-31,-0.4,-6.0,0
